UserId,UserName,Certificate S.No,CA IssuerName,CommonName,Organization,Organization Unit,Email,Valid From,Valid To,Current Status,Registration Time,Groups,Retail Param 1,Retail Param 2,app Param 1,app Param 2,astonApp Param 1,astonApp Param 2,Apptesting Param 1,Apptesting Param 2,creditcard Param 1,creditcard Param 2,new Param 1,new Param 2,Test Param 1,Test Param 2,application Param 1,application Param 2,Certificate, Certificate Flag
1,pacehari,9EA17466DB,Snorkel CA,"","","","ramshan2008@gmail.com",08/07/2013 05:18:59,08/07/2016 10:48:59,Deleted,08/07/2013 05:18:59, Snorkel Default ; Test_SIB ;,qaz,odyssey,,,,,,,,,,,,,,,,True
2,paceharn,FE82246196,Snorkel CA,"","","","ramshan2008@gmail.com",08/07/2013 09:48:46,08/07/2016 15:18:46,Deleted,08/07/2013 09:48:46, Snorkel Default ; Test_SIB ;,asdf,ODYSSEY,,,,,,,,,,,,,,,,True
3,SUDEEP DC,220FFF2AF3,Snorkel CA,"","","","sudeepg@sib.co.in",08/07/2013 10:53:42,08/07/2016 16:23:42,Deleted,08/07/2013 10:53:42, Snorkel Default ; Retail ;,harry,odyssey,,,,,,,,,,,,,,,,True
4,CORP TEST DC,DFC194BE12,Snorkel CA,"","","","sudeepg@sib.co.in",08/07/2013 11:27:19,08/07/2016 16:57:19,Active,08/07/2013 11:27:19, Snorkel Default ; Test_SIB ;,loki,odyssey,,,,,,,,,,,,,,,,True
5,CORP BOBY,7241C9DEA0,Snorkel CA,"","","","sudeepg@sib.co.in",08/07/2013 11:34:09,08/07/2016 17:04:09,Deleted,08/07/2013 11:34:09, Snorkel Default ; Test_SIB ;,black,odyssey,,,,,,,,,,,,,,,,True
6,SUDEEP RETAIL,62C7D36633,Snorkel CA,"","","","sudeepg@sib.co.in",17/07/2013 07:50:31,17/07/2016 13:20:31,Deleted,17/07/2013 07:50:31, Snorkel Default ; Retail ;,MEOW,ODYSSEY,,,,,,,,,,,,,,,,True
7,sudeep,B89A5A26AF,Snorkel CA,"","","","sudeepg@sib.co.in",17/07/2013 10:59:02,17/07/2016 16:29:02,Temp Sms,17/07/2013 10:59:02, Snorkel Default ; Test_SIB ;,VINEETH,ODYSSEY,,,,,,,,,,,,,,,,True
8,SUDEEP CORP,E205BDBE19,Snorkel CA,"","","","sudeepg@sib.co.in",18/07/2013 04:41:46,18/07/2016 10:11:46,Temp Sms,18/07/2013 04:41:46, Snorkel Default ; Test_SIB ;,iphone,odyssey,,,,,,,,,,,,,,,,True
9,paceharn,2833DED1A0,Snorkel CA,"","","","ramshan2008@gmail.com",26/07/2013 08:48:17,26/07/2016 14:18:17,Deleted,26/07/2013 08:48:17, Snorkel Default ; Test_SIB ;,android,odyssey,,,,,,,,,,,,,,,,True
10,paceharn,D4C33BC643,Snorkel CA,"","","","ramshan2008@gmail.com",26/07/2013 09:20:57,26/07/2016 14:50:57,Deleted,26/07/2013 09:20:57, Snorkel Default ; Test_SIB ;,zxcvbnm,odyssey,,,,,,,,,,,,,,,,True
11,menakath,BEA95D0E50,Snorkel CA,"","","","ramshan2008@gmail.com",29/07/2013 08:52:32,29/07/2016 14:22:32,Deleted,29/07/2013 08:52:32, Snorkel Default ; Retail ;,newuser14,odyssey,,,,,,,,,,,,,,,,True
12,rhytprav,8705EDCF7C,Snorkel CA,"","","","ramshan2008@gmail.com",30/07/2013 05:57:33,30/07/2016 11:27:33,Deleted,30/07/2013 05:57:33, Snorkel Default ; Test_SIB ;,ravi,odyssey,,,,,,,,,,,,,,,,True
13,Ret Cert,1377BA1E1F,Snorkel CA,"","","","sudeepg@sib.co.in",30/07/2013 06:11:19,30/07/2016 11:41:19,Temp Sms,30/07/2013 06:11:19, Snorkel Default ; Retail ;,ODC,odyssey,,,,,,,,,,,,,,,,True
14,CORP AJIT,F76F692597,Snorkel CA,"","","","SUDEEPG@SIB.CO.IN",30/07/2013 06:47:54,30/07/2016 12:17:54,Deleted,30/07/2013 06:47:54, Snorkel Default ; Test_SIB ;,test01,odyssey,,,,,,,,,,,,,,,,True
15,CORP TEST,89D832CCEB,Snorkel CA,"","","","SUDEEPG@SIB.CO.IN",30/07/2013 06:45:29,30/07/2016 12:15:29,Deleted,30/07/2013 06:45:29, Snorkel Default ; Test_SIB ;,TEST,ODYSSEY,,,,,,,,,,,,,,,,True
16,rhytmusa,295B139E25,Snorkel CA,"","","","ramshan2008@gmail.com",30/07/2013 09:19:08,30/07/2016 14:49:08,Deleted,30/07/2013 09:19:08, Snorkel Default ; Test_SIB ;,ODC16,odyssey,,,,,,,,,,,,,,,,True
17,BINUMC,694FEFBD0F,Snorkel CA,"","","","binumc@sib.co.in",31/07/2013 10:13:49,31/07/2016 15:43:49,Active,31/07/2013 10:13:49, Snorkel Default ; Retail ;,client005,,,,,,,,,,,,,,,,,True
18,djasboby,EB39887EEC,Snorkel CA,"","","","ramshan2008@gmail.com",20/08/2013 07:09:47,20/08/2016 12:39:47,Deleted,20/08/2013 07:09:47, Snorkel Default ; Test_SIB ;,mnbvcxz,odyssey,,,,,,,,,,,,,,,,True
19,djasajit,FB64B83B49,Snorkel CA,"","","","ramshan2008@gmail.com",20/08/2013 07:17:55,20/08/2016 12:47:55,Deleted,20/08/2013 07:17:55, Snorkel Default ; Test_SIB ;,divyas,odyssey,,,,,,,,,,,,,,,,True
20,menakath,D50980FC26,Snorkel CA,"","","","ramshan2008@gmail.com",02/09/2013 04:54:28,02/09/2016 10:24:28,Deleted,02/09/2013 04:54:28, Snorkel Default ; Retail ;,newuser15,odyssey,,,,,,,,,,,,,,,,True
21,rhytmusa,19A4FF39C4,Snorkel CA,"","","","ramshan2008@gmail.com",02/09/2013 04:58:49,02/09/2016 10:28:49,Deleted,02/09/2013 04:58:49, Snorkel Default ; Test_SIB ;,newuser11,odyssey,,,,,,,,,,,,,,,,True
22,rhytprav,F1938B2039,Snorkel CA,"","","","ramshan2008@gmail.com",02/09/2013 04:57:50,02/09/2016 10:27:50,Deleted,02/09/2013 04:57:50, Snorkel Default ; Test_SIB ;,odccc,ODYSSEY,,,,,,,,,,,,,,,,True
23,rhytprav,FBD0F2E775,Snorkel CA,"","","","ramshan2008@gmail.com",10/09/2013 10:30:57,10/09/2016 16:00:57,Deleted,10/09/2013 10:30:57, Snorkel Default ; Test_SIB ;,testpass,odyssey,,,,,,,,,,,,,,,,True
24,menakath,8B84FB5562,Snorkel CA,"","","","ramshan2008@gmail.com",24/09/2013 08:56:55,24/09/2016 14:26:55,Deleted,24/09/2013 08:56:55, Snorkel Default ; Retail ;,Report1,odyssey,,,,,,,,,,,,,,,,True
25,menakath,12C1187E36,Snorkel CA,"","","","ramshan2008@gmail.com",24/09/2013 10:36:44,24/09/2016 16:06:44,Deleted,24/09/2013 10:36:44, Snorkel Default ; Retail ;,USER3.6,odyssey,,,,,,,,,,,,,,,,True
26,menakath,18027A2549,Snorkel CA,"","","","ramshan2008@gmail.com",25/09/2013 08:35:38,25/09/2016 14:05:38,Deleted,25/09/2013 08:35:38, Snorkel Default ; Retail ;,USER3.7,odyssey,,,,,,,,,,,,,,,,True
27,GOVINDCERT,640867A63B,Snorkel CA,"","","","binumc@sib.co.in",26/09/2013 07:03:52,26/09/2016 12:33:52,Deleted,26/09/2013 07:03:52, Snorkel Default ; Retail ;,otppp,odyssey,,,,,,,,,,,,,,,,True
28,GOVINDCERT,238171C744,Snorkel CA,"","","","binumc@sib.co.in",26/09/2013 09:00:47,26/09/2016 14:30:47,Active,26/09/2013 09:00:47, Snorkel Default ; Retail ;,sprite,odyssey,,,,,,,,,,,,,,,,True
29,menakath,DD3CDA8BF5,Snorkel CA,"","","","ramshan2008@gmail.com",27/09/2013 05:38:58,27/09/2016 11:08:58,Deleted,27/09/2013 05:38:58, Snorkel Default ; Retail ;,TOKEN,odyssey,,,,,,,,,,,,,,,,True
30,rhytmusa,EC539A3022,Snorkel CA,"","","","ramshan2008@gmail.com",09/10/2013 10:58:34,09/10/2016 16:28:34,Deleted,09/10/2013 10:58:34, Snorkel Default ; Test_SIB ;,reshma,odyssey,,,,,,,,,,,,,,,,True
31,kgn12345,08FD361963,Snorkel CA,"","","","ramshan2008@gmail.com",18/10/2013 06:34:06,18/10/2016 12:04:06,Deleted,18/10/2013 06:34:06, Snorkel Default ; Retail ;,new,odyssey,,,,,,,,,,,,,,,,True
32,kgn12345,098020AFCD,Snorkel CA,"","","","ramshan2008@gmail.com",18/10/2013 09:02:51,18/10/2016 14:32:51,Deleted,18/10/2013 09:02:51, Snorkel Default ; Retail ;,internal,odyssey,,,,,,,,,,,,,,,,True
33,LIC,721B189829,Snorkel CA,"","","","SUDEEPG@SIB.CO.IN",21/10/2013 13:21:47,21/10/2016 18:51:47,Deleted,21/10/2013 13:21:47, Snorkel Default ; Retail ;,report,odyssey,,,,,,,,,,,,,,,,True
34,LICPOINT 2210,92719F64E8,Snorkel CA,"","","","SUDEEPG@SIB.CO.IN",22/10/2013 04:53:04,22/10/2016 10:23:04,Deleted,22/10/2013 04:53:04, Snorkel Default ; Retail ;,qaz,odyssey,,,,,,,,,,,,,,,,True
35,licpoint,320EFB78FA,Snorkel CA,"","","","ramshan2008@gmail.com",22/10/2013 05:28:30,22/10/2016 10:58:30,Deleted,22/10/2013 05:28:30, Snorkel Default ; Retail ;,benita,odyssey,,,,,,,,,,,,,,,,True
36,DJ 2210,42E1A2A91A,Snorkel CA,"","","","SUDEEPG@SIB.CO.IN",22/10/2013 09:27:09,22/10/2016 14:57:09,Deleted,22/10/2013 09:27:09, Snorkel Default ; Test_SIB ;,alex,odyssey,,,,,,,,,,,,,,,,True
37,DJ TESTING,CC7F13905C,Snorkel CA,"","","","SUDEEPG@SIB.CO.IN",22/10/2013 09:41:29,22/10/2016 15:11:29,Deleted,22/10/2013 09:41:29, Snorkel Default ; Test_SIB ;,ashwin,odyssey,,,,,,,,,,,,,,,,True
38,paceharn,6630568C08,Snorkel CA,"","","","ramshan2008@gmail.com",24/10/2013 05:32:21,24/10/2016 11:02:21,Deleted,24/10/2013 05:32:21, Snorkel Default ; Test_SIB ;,carol,odyssey,,,,,,,,,,,,,,,,True
39,boby,60DB7FA3C8,Snorkel CA,"","","","sudeepg@sib.co.in",24/10/2013 06:11:53,24/10/2016 11:41:53,Active,24/10/2013 06:11:53, Snorkel Default ; Test_SIB ;,iphone,odyssey,,,,,,,,,,,,,,,,True
40,pacehari,7E534DE205,Snorkel CA,"","","","ramshan2008@gmail.com",24/10/2013 06:53:50,24/10/2016 12:23:50,Deleted,24/10/2013 06:53:50, Snorkel Default ; Test_SIB ;,imp11,odyssey,,,,,,,,,,,,,,,,True
41,licpoint,6EE821130E,Snorkel CA,"","","","ramshan2008@gmail.com",26/10/2013 06:29:39,26/10/2016 11:59:39,Deleted,26/10/2013 06:29:39, Snorkel Default ; Retail ;,moon,odyssey,,,,,,,,,,,,,,,,True
42,menakath,3EAF8E0A77,Snorkel CA,"","","","ramshan2008@gmail.com",28/10/2013 11:26:46,28/10/2016 16:56:46,Deleted,28/10/2013 11:26:46, Snorkel Default ; Retail ;,select,odyssey,,,,,,,,,,,,,,,,True
43,menakath,18F45F7A1E,Snorkel CA,"","","","ramshan2008@gmail.com",28/10/2013 11:35:03,28/10/2016 17:05:03,Deleted,28/10/2013 11:35:03, Snorkel Default ; Retail ;,micro1,odyssey,,,,,,,,,,,,,,,,True
44,rhytmusa,96A9FE1A1B,Snorkel CA,"","","","ramshan2008@gmail.com",30/10/2013 11:50:17,30/10/2016 17:20:17,Deleted,30/10/2013 11:50:17, Snorkel Default ; Test_SIB ;,testuser,odyssey,,,,,,,,,,,,,,,,True
45,pacehari,84D7E10CBE,Snorkel CA,"","","","ramshan2008@gmail.com",30/10/2013 11:59:27,30/10/2016 17:29:27,Deleted,30/10/2013 11:59:27, Snorkel Default ; Test_SIB ;,micro4,odyssey,,,,,,,,,,,,,,,,True
46,licpoint,0C46C6EFCD,Snorkel CA,"","","","ramshan2008@gmail.com",26/10/2013 09:47:27,26/10/2016 15:17:27,Deleted,26/10/2013 09:47:27, Snorkel Default ; Retail ;,micro3,odyssey,,,,,,,,,,,,,,,,True
47,licpoint,2CD55CDE3C,Snorkel CA,"","","","ramshan2008@gmail.com",31/10/2013 07:31:16,31/10/2016 13:01:16,Temp Sms,31/10/2013 07:31:16, Snorkel Default ; Retail ;,testcert,odyssey,,,,,,,,,,,,,,,,True
48,menakath,357EDF8579,Snorkel CA,"","","","ramshan2008@gmail.com",17/06/2011 05:27:37,16/06/2021 05:26:08,Deleted,17/06/2011 05:27:37, Snorkel Default ; Retail ;,testotp,odyssey,,,,,,,,,,,,,,,,True
49,menakath,852C951FB5,Snorkel CA,"","","","ramshan2008@gmail.com",19/10/2012 10:50:37,19/10/2015 16:20:37,Deleted,19/10/2012 10:50:37, Snorkel Default ; Retail ;,usercert,odyssey,,,,,,,,,,,,,,,,True
50,menakath,852C951FB5,Snorkel CA,"","","","ramshan2008@gmail.com",19/10/2012 10:50:37,19/10/2015 16:20:37,Deleted,19/10/2012 10:50:37, Snorkel Default ; Retail ;,usercert1,odyssey,,,,,,,,,,,,,,,,True
51,menakath,852C951FB5,Snorkel CA,"","","","ramshan2008@gmail.com",19/10/2012 10:50:37,19/10/2015 16:20:37,Deleted,19/10/2012 10:50:37, Snorkel Default ; Retail ;,js,odyssey,,,,,,,,,,,,,,,,True
52,menakath,852C951FB5,Snorkel CA,"","","","ramshan2008@gmail.com",19/10/2012 10:50:37,19/10/2015 16:20:37,Deleted,19/10/2012 10:50:37, Snorkel Default ; Retail ;,micro5,odyssey,,,,,,,,,,,,,,,,True
53,51575157,682A8B7FDE,Snorkel CA,"","","","binumc@sib.co.in",11/11/2013 11:32:07,11/11/2016 11:32:07,Active,11/11/2013 11:32:07, Snorkel Default ; Retail ;,testcertregnow,odyssey,,,,,,,,,,,,,,,,True
54,menakath,852C951FB5,Snorkel CA,"","","","ramshan2008@gmail.com",19/10/2012 10:50:37,19/10/2015 16:20:37,Temp Sms,19/10/2012 10:50:37, Snorkel Default ; Retail ;,mlp,odyssey,,,,,,,,,,,,,,,,True
55,rhytmusa,852C951FB5,Snorkel CA,"","","","ramshan2008@gmail.com",19/10/2012 10:50:37,19/10/2015 16:20:37,Deleted,19/10/2012 10:50:37, Snorkel Default ; Test_SIB ;,Lock,S123$,,,,,,,,,,,,,,,,True
56,rhytmusa,34567890,NewCA,"","","","ramshan2008@gmail.com",22/03/2010 12:34:39,07/07/2014 12:34:39,Deleted,22/03/2010 12:34:39, Snorkel Default ; Test_SIB ;,mlp123,odyssey,,,,,,,,,,,,,,,,True
57,mcbinu01,34567890,NewCA,"","","","ramshan2008@gmail.com",22/03/2010 12:34:39,07/07/2014 12:34:39,Deleted,22/03/2010 12:34:39, Snorkel Default ; Retail ;,nkop,odyssey,,,,,,,,,,,,,,,,True
58,re001877,852C951FB5,Snorkel CA,"","","","ramshan2008@gmail.com",19/10/2012 10:50:37,19/10/2015 16:20:37,Deleted,19/10/2012 10:50:37, Snorkel Default ; Retail ;,,,,,,,,,,,,,,,,,,True
59,pacehari,34567890,NewCA,"","","","ramshan2008@gmail.com",22/03/2010 12:34:39,07/07/2014 12:34:39,Deleted,22/03/2010 12:34:39, Snorkel Default ; Test_SIB ;,,,,,,,,,,,,,,,,,,True
60,rhytmusa,34567890,NewCA,"","","","ramshan2008@gmail.com",22/03/2010 12:34:39,07/07/2014 12:34:39,Deleted,22/03/2010 12:34:39, Snorkel Default ; Test_SIB ;,,,,,,,,,,,,,,,,,,True
61,rajesh k,34567890,CAPrinatableStr,"","","","rajeshkrishnan@sib.co.in",07/07/2014 05:50:50,06/07/2017 05:50:50,Deleted,07/07/2014 05:50:50, Snorkel Default ; Retail ;,,,,,,,,,,,,,,,,,,,,True
62,RAJESH K,400BE4AB4B4F93119A4A,,"","","","rajeshkrishnan@sib.co.in",26/08/2016 11:50:43,26/08/2018 11:50:43,Deleted,26/08/2016 11:50:43, Snorkel Default ; Retail ;,,,,,,,,,,,,,,,,,,True
63,RAJESH K,400BE4AB4B4F93119A4A,,"","","","rajeshkrishnan@sib.co.in",26/08/2016 11:50:43,26/08/2018 11:50:43,Deleted,26/08/2016 11:50:43, Snorkel Default ; Retail ;,,,,,,,,,,,,,,,,,,True
64,RAJESH K,400BE4AB4B4F93119A4A,,"","","","rajeshkrishnan@sib.co.in",26/08/2016 11:50:43,26/08/2018 11:50:43,Deleted,26/08/2016 11:50:43, Snorkel Default ; Retail ;,,,,,,,,,,,,,,,,,,True
65,RAJESH,400BE4AB4B4F93119A4A,,"","","","rajeshkrishnan@sib.co.in",26/08/2016 11:50:43,26/08/2018 11:50:43,Deleted,26/08/2016 11:50:43, Snorkel Default ; Retail ;,,,,,,,,,,,,,,,,,,True
66,RAJESH,00C99629,,"","","","rajeshkrishnan@sib.co.in",16/11/2016 10:50:24,16/11/2017 10:50:24,Deleted,16/11/2016 10:50:24, Snorkel Default ; Retail ;,,,,,,,,,,,,,,,,,,True
67,RAJESH,400BE4AB4B4F93119A4A,,"","","","rajeshkrishnan@sib.co.in",26/08/2016 11:50:43,26/08/2018 11:50:43,Deleted,26/08/2016 11:50:43, Snorkel Default ; Retail ;,,,,,,,,,,,,,,,,,,True
68,CHRISTOUS,00C99629,,"","","","christouspk@sib.co.in",16/11/2016 10:50:24,16/11/2017 10:50:24,Deleted,16/11/2016 10:50:24, Snorkel Default ; Retail ;,,,,,,,,,,,,,,,,,,True
69,Rajesh,400BE4AB4B4F93119A4A,,"","","","rajesh@sib.mail.com",26/08/2016 11:50:43,26/08/2018 11:50:43,Deleted,26/08/2016 11:50:43, Snorkel Default ; Retail ;,,,,,,,,,,,,,,,,,,True
70,Rajesh,400BE4AB4B4F93119A4A,,"","","","rajesh@email.com",26/08/2016 11:50:43,26/08/2018 11:50:43,Deleted,26/08/2016 11:50:43, Snorkel Default ; Retail ; Test_SIB ;,,,,,,,,,,,,,,,,,,True
71,rajesh,400BE4AB4B4F93119A4A,,"","","","rajesh@mail.com",26/08/2016 11:50:43,26/08/2018 11:50:43,Deleted,26/08/2016 11:50:43, Snorkel Default ; Retail ; Test_SIB ;,,,,,,,,,,,,,,,,,,True
72,christous,00C99629,,"","","","christouspk@sib.co.in",16/11/2016 10:50:24,16/11/2017 10:50:24,Deleted,16/11/2016 10:50:24, Snorkel Default ; Retail ;,,,,,,,,,,,,,,,,,,True
73,Rajesh,400BE4AB4B4F93119A4A,,"","","","rajesh@email.com",26/08/2016 11:50:43,26/08/2018 11:50:43,Deleted,26/08/2016 11:50:43, Snorkel Default ; Retail ; Test_SIB ;,,,,,,,,,,,,,,,,,,True
74,Rajesh,400BE4AB4B4F93119A4A,,"","","","rajesh@email.com",26/08/2016 11:50:43,26/08/2018 11:50:43,Deleted,26/08/2016 11:50:43, Snorkel Default ; Retail ; Test_SIB ;,,,,,,,,,,,,,,,,,,True
75,rajesh,400BE4AB4B4F93119A4A,,"","","","rajeshkrish@sib.co.in",26/08/2016 11:50:43,26/08/2018 11:50:43,Deleted,26/08/2016 11:50:43, Snorkel Default ; Retail ;,,,,,,,,,,,,,,,,,,True
76,RAJESH,400BE4AB4B4F93119A4A,,"","","","123rajesh@sib.co.in",26/08/2016 11:50:43,26/08/2018 11:50:43,Deleted,26/08/2016 11:50:43, Snorkel Default ; Retail ;,,,,,,,,,,,,,,,,,,True
77,RAJESH K,400BE4AB4B4F93119A4A,,"","","","rajeshkrishnan@sib.co.in",26/08/2016 11:50:43,26/08/2018 11:50:43,Deleted,26/08/2016 11:50:43, Snorkel Default ; Retail ;,,,,,,,,,,,,,,,,,,True
78,CHRISTOUS,00C99629,,"","","","christouspk@sib.co.in",16/11/2016 10:50:24,16/11/2017 10:50:24,Deleted,16/11/2016 10:50:24, Snorkel Default ; Retail ;,,,,,,,,,,,,,,,,,,True
79,RAJESH,400BE4AB4B4F93119A4A,,"","","","rajeshkrishnan@sib.co.in",26/08/2016 11:50:43,26/08/2018 11:50:43,Deleted,26/08/2016 11:50:43, Snorkel Default ; Retail ;,,,,,,,,,,,,,,,,,,True
80,RAJESH,400BE4AB4B4F93119A4A,,"","","","coolrajesh19@gmail.com",26/08/2016 11:50:43,26/08/2018 11:50:43,Deleted,26/08/2016 11:50:43, Snorkel Default ; Retail ;,,,,,,,,,,,,,,,,,,True
81,GENTLECH,400BE4AB4B4F93119A4A,,"","","","rajeshkrishnan@sib.co.in",26/08/2016 11:50:43,26/08/2018 11:50:43,Deleted,26/08/2016 11:50:43, Snorkel Default ; Test_SIB ;,,,,,,,,,,,,,,,,,,True
82,ARCHANA,400BE4AB4B4F93119A4A,,"","","","archanapramod@sib.co.in",26/08/2016 11:50:43,26/08/2018 11:50:43,Deleted,26/08/2016 11:50:43, Snorkel Default ; Retail ;,,,,,,,,,,,,,,,,,,True
83,BK474897,10E7D69B580E,,"","","","anoopunnikrishnan@sib.co.in",03/05/2019 10:16:32,03/05/2028 10:16:32,Deleted,03/05/2019 10:16:32, Snorkel Default ; Retail ;,,,,,,,,,,,,,,,,,,,,True
84,malini91,10E7D69B580E,,"","","","prakritidua@sib.co.in",03/05/2019 10:16:32,03/05/2028 10:16:32,Deleted,03/05/2019 10:16:32, Snorkel Default ; Retail ;,,,,,,,,,,,,,,,,,,,,True
85,anoopkrish,10E7D69B580E,,"","","","anoopunnikrishnan@sib.coin",03/05/2019 10:16:32,03/05/2028 10:16:32,Deleted,03/05/2019 10:16:32, Snorkel Default ; Retail ;,,,,,,,,,,,,,,,,,,True
86,anoopkrish,10E7D69B580E,,"","","","anoopunnikrishnan@sib.co.in",03/05/2019 10:16:32,03/05/2028 10:16:32,Deleted,03/05/2019 10:16:32, Snorkel Default ; Retail ;,,,,,,,,,,,,,,,,,,True
87,malini91,10E7D69B580E,,"","","","anoopunnikrishnan@sib.co.in",03/05/2019 10:16:32,03/05/2028 10:16:32,Deleted,03/05/2019 10:16:32, Snorkel Default ; Retail ;,,,,,,,,,,,,,,,,,,,,True
88,malini91,10E7D69B580E,,"","","","prakritidua@sib.co.in",03/05/2019 10:16:32,03/05/2028 10:16:32,Deleted,03/05/2019 10:16:32, Snorkel Default ; Retail ;,,,,,,,,,,,,,,,,,,,,True
89,malini91,10E7D69B580E,,"","","","prakritidua@sib.co.in",03/05/2019 10:16:32,03/05/2028 10:16:32,Deleted,03/05/2019 10:16:32, Snorkel Default ; Retail ;,,,,,,,,,,,,,,,,,,,,True
90,malini91,10E7D69B580E,,"","","","prakritidua@sib.co.in",03/05/2019 10:16:32,03/05/2028 10:16:32,Deleted,03/05/2019 10:16:32, Snorkel Default ; Retail ;,,,,,,,,,,,,,,,,,,,,True
91,malini91,10E7D69B580E,,"","","","prakritidua@sib.co.in",03/05/2019 10:16:32,03/05/2028 10:16:32,Deleted,03/05/2019 10:16:32, Snorkel Default ; Retail ;,,,,,,,,,,,,,,,,,,,,True
92,malini91,10E7D69B580E,,"","","","anoopunnikrishnan@sib.co.in",03/05/2019 10:16:32,03/05/2028 10:16:32,Deleted,03/05/2019 10:16:32, Snorkel Default ; Retail ;,,,,,,,,,,,,,,,,,,,,True
93,malini91,10E7D69B580E,,"","","","anoopunnikrishnan@sib.co.in",03/05/2019 10:16:32,03/05/2028 10:16:32,Deleted,03/05/2019 10:16:32, Snorkel Default ; Retail ;,,,,,,,,,,,,,,,,,,,,True
94,malini91,10E7D69B580E,,"","","","anoopunnikrishnan@sib.co.in",03/05/2019 10:16:32,03/05/2028 10:16:32,Deleted,03/05/2019 10:16:32, Snorkel Default ; Retail ;,,,,,,,,,,,,,,,,,,,,True
95,malini91,10E7D69B580E,,"","","","anoopunnikrishnan@sib.co.in",03/05/2019 10:16:32,03/05/2028 10:16:32,Deleted,03/05/2019 10:16:32, Snorkel Default ; Retail ;,,,,,,,,,,,,,,,,,,True
96,malini91,10E7D69B580E,,"","","","anoopunnikrishnan@sib.co.in",03/05/2019 10:16:32,03/05/2028 10:16:32,Deleted,03/05/2019 10:16:32, Snorkel Default ; Retail ;,,,,,,,,,,,,,,,,,,True
97,malini91,10E7D69B580E,,"","","","anoopunnikrishnan@sib.co.in",03/05/2019 10:16:32,03/05/2028 10:16:32,Deleted,03/05/2019 10:16:32, Snorkel Default ; Retail ;,,,,,,,,,,,,,,,,,,,,True
98,malini91,10E7D69B580E,,"","","","anoopunnikrishnan@sib.co.in",03/05/2019 10:16:32,03/05/2028 10:16:32,Deleted,03/05/2019 10:16:32, Snorkel Default ; Retail ;,,,,,,,,,,,,,,,,,,True
99,malini91,00F871CA,,"","","","anoopunnikrishnan@sib.coin",31/01/2019 14:49:23,30/01/2022 14:49:23,Deleted,31/01/2019 14:49:23, Snorkel Default ; Retail ;,,,,,,,,,,,,,,,,,,True
100,malini91,00F871CA,,"","","","anoopunnikrishnan@sib.co.in",31/01/2019 14:49:23,30/01/2022 14:49:23,Deleted,31/01/2019 14:49:23, Snorkel Default ; Retail ;,,,,,,,,,,,,,,,,,,,,True
101,malini91,00F871A5,,"","","","anoopunnikrishnan@sib.co.in",31/01/2019 14:46:38,30/01/2022 14:46:38,Deleted,31/01/2019 14:46:38, Snorkel Default ; Retail ;,,,,,,,,,,,,,,,,,,,,True
102,malini91,00F871A5,,"","","","anoopunnikrishnan@sib.co.in",31/01/2019 14:46:38,30/01/2022 14:46:38,Deleted,31/01/2019 14:46:38, Snorkel Default ; Retail ;,,,,,,,,,,,,,,,,,,True
103,Malini,00F871A5,,"","","","malini@sib.co.in",31/01/2019 14:46:38,30/01/2022 14:46:38,Deleted,31/01/2019 14:46:38, Snorkel Default ; Retail ; Test_SIB ;,,,,,,,,,,,,,,,,,,,,True
104,Malini18,00F871A5,,"","","","anoopunnikrishnan@sib.co.in",31/01/2019 14:46:38,30/01/2022 14:46:38,Deleted,31/01/2019 14:46:38, Snorkel Default ; Retail ;,,,,,,,,,,,,,,,,,,True
105,avignesh,10E7D69B580E,,"","","","vignesha@sib.co.in",03/05/2019 10:16:32,03/05/2028 10:16:32,Deleted,03/05/2019 10:16:32, Snorkel Default ; Retail ;,,,,,,,,,,,,,,,,,,True
106,vignesh,10E7D69B580E,,"","","","vignesha@sib.co.in",03/05/2019 10:16:32,03/05/2028 10:16:32,Deleted,03/05/2019 10:16:32, Snorkel Default ; Retail ;,,,,,,,,,,,,,,,,,,True
107,vignesh,10E7D69B580E,,"","","","vignesha@sib.co.in",03/05/2019 10:16:32,03/05/2028 10:16:32,Deleted,03/05/2019 10:16:32, Snorkel Default ; Retail ;,,,,,,,,,,,,,,,,,,True
108,avignesh,10E7D69B580E,,"","","","anoopunnikrishnan@sib.co.in",03/05/2019 10:16:32,03/05/2028 10:16:32,Deleted,03/05/2019 10:16:32, Snorkel Default ; Retail ;,,,,,,,,,,,,,,,,,,True
109,avignesh,10E7D69B580E,,"","","","vignesh@sib.co.in",03/05/2019 10:16:32,03/05/2028 10:16:32,Deleted,03/05/2019 10:16:32, Snorkel Default ; Retail ;,,,,,,,,,,,,,,,,,,True
110,vignesh,10E7D69B580E,,"","","","vignesha@sib.co.in",03/05/2019 10:16:32,03/05/2028 10:16:32,Deleted,03/05/2019 10:16:32, Snorkel Default ; Retail ;,,,,,,,,,,,,,,,,,,True
111,vignesh,10E7D69B580E,,"","","","vignesha@sib.co.in",03/05/2019 10:16:32,03/05/2028 10:16:32,Deleted,03/05/2019 10:16:32, Snorkel Default ; Retail ;,,,,,,,,,,,,,,,,,,True
112,arjun,10E7D69B580E,,"","","","arjun@sib.co.in",03/05/2019 10:16:32,03/05/2028 10:16:32,Deleted,03/05/2019 10:16:32, Snorkel Default ; Retail ; Test_SIB ;,,,,,,,,,,,,,,,,,,True
113,vignesh,10E7D69B580E,,"","","","vignesha@sib.co.in",03/05/2019 10:16:32,03/05/2028 10:16:32,Deleted,03/05/2019 10:16:32, Snorkel Default ; Retail ;,,,,,,,,,,,,,,,,,,True
114,SIBDBDIB,10E7D69B580E,,"","","","ibtech@sib.co.in",03/05/2019 10:16:32,03/05/2028 10:16:32,Deleted,03/05/2019 10:16:32, Snorkel Default ; Test_SIB ;,,,,,,,,,,,,,,,,,,True
115,avignesh,10E7D69B580E,,"","","","ibtech@sib.co.in",03/05/2019 10:16:32,03/05/2028 10:16:32,Deleted,03/05/2019 10:16:32, Snorkel Default ; Retail ;,,,,,,,,,,,,,,,,,,True
116,SIBDBDIB.SIBJOEL1,10E7D69B580E,,"","","","ibtech@sib.co.in",03/05/2019 10:16:32,03/05/2028 10:16:32,Deleted,03/05/2019 10:16:32, Snorkel Default ; Test_SIB ;,,,,,,,,,,,,,,,,,,True
117,SIBDBDIB.SIBJOEL1,10E7D69B580E,,"","","","ibtech@sib.co.in",03/05/2019 10:16:32,03/05/2028 10:16:32,Deleted,03/05/2019 10:16:32, Snorkel Default ; Test_SIB ;,,,,,,,,,,,,,,,,,,True
118,SIBDBDIB.SIBJOEL1,10E7D69B580E,,"","","","ibtech@sib.co.in",03/05/2019 10:16:32,03/05/2028 10:16:32,Deleted,03/05/2019 10:16:32, Snorkel Default ; Test_SIB ;,,,,,,,,,,,,,,,,,,True
119,SIBDBDIB.SIBJOEL1,10E7D69B580E,,"","","","ibtech@sib.co.in",03/05/2019 10:16:32,03/05/2028 10:16:32,Deleted,03/05/2019 10:16:32, Snorkel Default ; Test_SIB ;,,,,,,,,,,,,,,,,,,True
120,SIBDBDIB.SIBJOEL1,10E7D69B580E,,"","","","ibtech@sib.co.in",03/05/2019 10:16:32,03/05/2028 10:16:32,Deleted,03/05/2019 10:16:32, Snorkel Default ; Retail ;,,,,,,,,,,,,,,,,,,True
121,SIBDBDIB.SIBJOEL1,10E7D69B580E,,"","","","ibtech@sib.co.in",03/05/2019 10:16:32,03/05/2028 10:16:32,Deleted,03/05/2019 10:16:32, Snorkel Default ; Test_SIB ;,,,,,,,,,,,,,,,,,,True
122,SIBDBDIB,10E7D69B580E,,"","","","IBTECH@SIB.CO.IN",03/05/2019 10:16:32,03/05/2028 10:16:32,Deleted,03/05/2019 10:16:32, Snorkel Default ; Test_SIB ;,,,,,,,,,,,,,,,,,,True
123,w9898476,10E7D69B580E,,"","","","ibtech@sib.co.in",03/05/2019 10:16:32,03/05/2028 10:16:32,Deleted,03/05/2019 10:16:32, Snorkel Default ; Retail ;,,,,,,,,,,,,,,,,,,True
124,vignesh,10E7D69B580E,,"","","","vignesha@sib.co.in",03/05/2019 10:16:32,03/05/2028 10:16:32,Deleted,03/05/2019 10:16:32, Snorkel Default ; Retail ;,,,,,,,,,,,,,,,,,,True
125,vignesh,10E7D69B580E,,"","","","vignesha@sib.co.in",03/05/2019 10:16:32,03/05/2028 10:16:32,Deleted,03/05/2019 10:16:32, Snorkel Default ; Retail ;,,,,,,,,,,,,,,,,,,True
126,SIBDBDIB,10E7D69B580E,,"","","","ibtech@sib.co.in",03/05/2019 10:16:32,03/05/2028 10:16:32,Deleted,03/05/2019 10:16:32, Snorkel Default ; Test_SIB ;,,,,,,,,,,,,,,,,,,True
127,headsyst,10E7D69B580E,,"","","","ibtech@sib.co.in",03/05/2019 10:16:32,03/05/2028 10:16:32,Deleted,03/05/2019 10:16:32, Snorkel Default ; Test_SIB ;,,,,,,,,,,,,,,,,,,,,True
128,sibdbdib,10E7D69B580E,,"","","","ibtech@sib.co.in",03/05/2019 10:16:32,03/05/2028 10:16:32,Deleted,03/05/2019 10:16:32, Snorkel Default ; Test_SIB ;,,,,,,,,,,,,,,,,,,True
129,vignesh,10E7D69B580E,,"","","","vignesha@sib.co.in",03/05/2019 10:16:32,03/05/2028 10:16:32,Deleted,03/05/2019 10:16:32, Snorkel Default ; Retail ;,,,,,,,,,,,,,,,,,,True
130,SIBDBDIB,10E7D69B580E,,"","","","ibtech@sib.co.in",03/05/2019 10:16:32,03/05/2028 10:16:32,Deleted,03/05/2019 10:16:32, Snorkel Default ; Test_SIB ;,,,,,,,,,,,,,,,,,,True
131,avignesh,10E7D69B580E,,"","","","",03/05/2019 10:16:32,03/05/2028 10:16:32,Deleted,03/05/2019 10:16:32, Snorkel Default ; Retail ;,,,,,,,,,,,,,,,,,,True
132,sibdbd,10E7D69B580E,,"","","","",03/05/2019 10:16:32,03/05/2028 10:16:32,Deleted,03/05/2019 10:16:32, Snorkel Default ; Test_SIB ;,,,,,,,,,,,,,,,,,,True
133,SIBDBDIB,10E7D69B580E,,"","","","ibtech@sib.co.in",03/05/2019 10:16:32,03/05/2028 10:16:32,Deleted,03/05/2019 10:16:32, Snorkel Default ; Test_SIB ;,,,,,,,,,,,,,,,,,,True
134,SIBDBDIB,10E7D69B580E,,"","","","ibtech@sib.co.in",03/05/2019 10:16:32,03/05/2028 10:16:32,Deleted,03/05/2019 10:16:32, Snorkel Default ; Test_SIB ;,,,,,,,,,,,,,,,,,,True
135,SIBDBDIB,10E7D69B580E,,"","","","ibtech@sib.co.in",03/05/2019 10:16:32,03/05/2028 10:16:32,Deleted,03/05/2019 10:16:32, Snorkel Default ; Test_SIB ;,,,,,,,,,,,,,,,,,,True
136,vignesh,10E7D69B580E,,"","","","vgns89@gmail.com",03/05/2019 10:16:32,03/05/2028 10:16:32,Deleted,03/05/2019 10:16:32, Snorkel Default ; Retail ;,,,,,,,,,,,,,,,,,,True
137,sibdbdib,10E7D69B580E,,"","","","ibtech@sib.co.in",03/05/2019 10:16:32,03/05/2028 10:16:32,Deleted,03/05/2019 10:16:32, Snorkel Default ; Test_SIB ;,,,,,,,,,,,,,,,,,,True
138,avignesh,10E7D69B580E,,"","","","ibtech@sib.co.in",03/05/2019 10:16:32,03/05/2028 10:16:32,Deleted,03/05/2019 10:16:32, Snorkel Default ; Retail ;,,,,,,,,,,,,,,,,,,True
139,avignesh,10E7D69B580E,,"","","","ibtech@sib.co.in",03/05/2019 10:16:32,03/05/2028 10:16:32,Deleted,03/05/2019 10:16:32, Snorkel Default ; Retail ;,,,,,,,,,,,,,,,,,,True
140,sibdbdib,10E7D69B580E,,"","","","ibtech@sib.co.in",03/05/2019 10:16:32,03/05/2028 10:16:32,Deleted,03/05/2019 10:16:32, Snorkel Default ; Test_SIB ;,,,,,,,,,,,,,,,,,,True
141,malinika,10E7D69B580E,,"","","","ibtech@sib.co.in",03/05/2019 10:16:32,03/05/2028 10:16:32,Deleted,03/05/2019 10:16:32, Snorkel Default ; Retail ;,,,,,,,,,,,,,,,,,,True
142,malinika,10E7D69B580E,,"","","","ibtech@sib.co.in",03/05/2019 10:16:32,03/05/2028 10:16:32,Deleted,03/05/2019 10:16:32, Snorkel Default ; Retail ;,,,,,,,,,,,,,,,,,,True
143,avignesh,10E7D69B580E,,"","","","ibtech@sib.co.in",03/05/2019 10:16:32,03/05/2028 10:16:32,Deleted,03/05/2019 10:16:32, Snorkel Default ; Retail ;,,,,,,,,,,,,,,,,,,True
144,malinika,10E7D69B580E,,"","","","ibtech@sib.co.in",03/05/2019 10:16:32,03/05/2028 10:16:32,Deleted,03/05/2019 10:16:32, Snorkel Default ; Retail ;,,,,,,,,,,,,,,,,,,True
145,w9898476,10E7D69B580E,,"","","","ibtech@sib.co.in",03/05/2019 10:16:32,03/05/2028 10:16:32,Deleted,03/05/2019 10:16:32, Snorkel Default ; Retail ;,,,,,,,,,,,,,,,,,,True
146,malinika,357EDF8579,Snorkel CA,"","","","ibtech@sib.co.in",17/06/2011 05:27:37,16/06/2021 05:26:08,Deleted,17/06/2011 05:27:37, Snorkel Default ; Retail ;,,,,,,,,,,,,,,,,,,True
147,IDENSIGN,10E7D69B580E,,"","","","ibtech@sib.co.in",03/05/2019 10:16:32,03/05/2028 10:16:32,Deleted,03/05/2019 10:16:32, Snorkel Default ; Test_SIB ;,,,,,,,,,,,,,,,,,,True
148,VIGNESH,10E7D69B580E,,"","","","IBTECH@SIB.CO.IN",03/05/2019 10:16:32,03/05/2028 10:16:32,Deleted,03/05/2019 10:16:32, Snorkel Default ; Retail ;,,,,,,,,,,,,,,,,,,True
149,shanthi,10E7D69B580E,,"","","","ibtech@sib.co.in",03/05/2019 10:16:32,03/05/2028 10:16:32,Deleted,03/05/2019 10:16:32, Snorkel Default ; Test_SIB ;,,,,,,,,,,,,,,,,,,,,True
150,shanthip.shankuma,10E7D69B580E,,"","","","ibtech@sib.co.in",03/05/2019 10:16:32,03/05/2028 10:16:32,Deleted,03/05/2019 10:16:32, Snorkel Default ; Test_SIB ;,,,,,,,,,,,,,,,,,,,,True
151,w9898476,10E7D69B580E,,"","","","ibtech@sib.co.in",03/05/2019 10:16:32,03/05/2028 10:16:32,Deleted,03/05/2019 10:16:32, Snorkel Default ; Retail ;,,,,,,,,,,,,,,,,,,True
152,headsyst,10E7D69B580E,,"","","","ibtech@sib.co.in",03/05/2019 10:16:32,03/05/2028 10:16:32,Deleted,03/05/2019 10:16:32, Snorkel Default ; Test_SIB ;,,,,,,,,,,,,,,,,,,True
153,headsyst,10E7D69B580E,,"","","","ibtech@sib.co.in",03/05/2019 10:16:32,03/05/2028 10:16:32,Deleted,03/05/2019 10:16:32, Snorkel Default ; Test_SIB ;,,,,,,,,,,,,,,,,,,True
154,SHANTHI,10E7D69B580E,,"","","","ibtech@sib.co.in",03/05/2019 10:16:32,03/05/2028 10:16:32,Deleted,03/05/2019 10:16:32, Snorkel Default ; Test_SIB ;,,,,,,,,,,,,,,,,,,True
155,SHANTHI,10E7D69B580E,,"","","","ibtech@sib.co.in",03/05/2019 10:16:32,03/05/2028 10:16:32,Deleted,03/05/2019 10:16:32, Snorkel Default ; Test_SIB ;,,,,,,,,,,,,,,,,,,True
156,VIG1,10E7D69B580E,,"","","","ibtech@sib.co.in",03/05/2019 10:16:32,03/05/2028 10:16:32,Deleted,03/05/2019 10:16:32, Snorkel Default ; Test_SIB ;,,,,,,,,,,,,,,,,,,True
157,vig,10E7D69B580E,,"","","","ibtech@sib.co.in",03/05/2019 10:16:32,03/05/2028 10:16:32,Deleted,03/05/2019 10:16:32, Snorkel Default ; Test_SIB ;,,,,,,,,,,,,,,,,,,True
158,HEADSYST,10E7D69B580E,,"","","","IBTECH@SIB.CO.IN",03/05/2019 10:16:32,03/05/2028 10:16:32,Deleted,03/05/2019 10:16:32, Snorkel Default ; Test_SIB ;,,,,,,,,,,,,,,,,,,True
159,headsyst,10E7D69B580E,,"","","","ibtech@sib.co.in",03/05/2019 10:16:32,03/05/2028 10:16:32,Deleted,03/05/2019 10:16:32, Snorkel Default ; Test_SIB ;,,,,,,,,,,,,,,,,,,True
160,SHANTHIP,10E7D69B580E,,"","","","IBTECH@SIB.CO.IN",03/05/2019 10:16:32,03/05/2028 10:16:32,Deleted,03/05/2019 10:16:32, Snorkel Default ; Test_SIB ;,,,,,,,,,,,,,,,,,,True
161,shanthi,0120829C,,"","","","ibtech@sib.co.in",29/05/2020 20:29:13,29/05/2021 20:29:13,Deleted,29/05/2020 20:29:13, Snorkel Default ; Test_SIB ;,,,,,,,,,,,,,,,,,,True
162,shanthi,10E7D69B580E,,"","","","ibtech@sib.co.in",03/05/2019 10:16:32,03/05/2028 10:16:32,Deleted,03/05/2019 10:16:32, Snorkel Default ; Test_SIB ;,,,,,,,,,,,,,,,,,,True
163,shanthi,0120829C,,"","","","ibtech@sib.co.in",29/05/2020 20:29:13,29/05/2021 20:29:13,Deleted,29/05/2020 20:29:13, Snorkel Default ; Test_SIB ;,,,,,,,,,,,,,,,,,,True
164,avignesh,10E7D69B580E,,"","","","ibtech@sib.co.in",03/05/2019 10:16:32,03/05/2028 10:16:32,Deleted,03/05/2019 10:16:32, Snorkel Default ; Retail ;,,,,,,,,,,,,,,,,,,True
165,avignesh,10E7D69B580E,,"","","","ibtech@sib.co.in",03/05/2019 10:16:32,03/05/2028 10:16:32,Deleted,03/05/2019 10:16:32, Snorkel Default ; Retail ;,,,,,,,,,,,,,,,,,,True
166,avignesh,0120829C,,"","","","ibtech@sib.co.in",29/05/2020 20:29:13,29/05/2021 20:29:13,Deleted,29/05/2020 20:29:13, Snorkel Default ; Retail ;,,,,,,,,,,,,,,,,,,True
167,shanthip,0120829C,,"","","","ibtech@sib.co.in",29/05/2020 20:29:13,29/05/2021 20:29:13,Deleted,29/05/2020 20:29:13, Snorkel Default ; Test_SIB ;,,,,,,,,,,,,,,,,,,True
168,shanthip,0120829C,,"","","","ibtech@sib.co.in",29/05/2020 20:29:13,29/05/2021 20:29:13,Deleted,29/05/2020 20:29:13, Snorkel Default ; Test_SIB ;,,,,,,,,,,,,,,,,,,True
169,Vignesh,0120829C,,"","","","",29/05/2020 20:29:13,29/05/2021 20:29:13,Deleted,29/05/2020 20:29:13, Snorkel Default ; Retail ;,,,,,,,,,,,,,,,,,,True
170,Vignesh,0120829C,,"","","","",29/05/2020 20:29:13,29/05/2021 20:29:13,Deleted,29/05/2020 20:29:13, Snorkel Default ; Retail ;,,,,,,,,,,,,,,,,,,True
171,vignesh,0120829C,,"","","","vignesha@sib.co.in",29/05/2020 20:29:13,29/05/2021 20:29:13,Deleted,29/05/2020 20:29:13, Snorkel Default ; Retail ;,,,,,,,,,,,,,,,,,,True
172,vignesh,0120829C,,"","","","vignesha@sib.co.in",29/05/2020 20:29:13,29/05/2021 20:29:13,Deleted,29/05/2020 20:29:13, Snorkel Default ; Retail ;,,,,,,,,,,,,,,,,,,True
173,vignesh,0120829C,,"","","","ibtech@sib.co.in",29/05/2020 20:29:13,29/05/2021 20:29:13,Deleted,29/05/2020 20:29:13, Snorkel Default ; Retail ;,,,,,,,,,,,,,,,,,,True
174,vignesh,0120829C,,"","","","ibtech@sib.co.in",29/05/2020 20:29:13,29/05/2021 20:29:13,Deleted,29/05/2020 20:29:13, Snorkel Default ; Retail ;,,,,,,,,,,,,,,,,,,True
175,vignesh,0120829C,,"","","","ibtech@sib.co.in",29/05/2020 20:29:13,29/05/2021 20:29:13,Deleted,29/05/2020 20:29:13, Snorkel Default ; Retail ;,,,,,,,,,,,,,,,,,,True
176,vignesh,0120829C,,"","","","ibtech@sib.co.in",29/05/2020 20:29:13,29/05/2021 20:29:13,Deleted,29/05/2020 20:29:13, Snorkel Default ; Retail ;,,,,,,,,,,,,,,,,,,True
177,vignesh,0120829C,,"","","","ibtech@sib.co.in",29/05/2020 20:29:13,29/05/2021 20:29:13,Deleted,29/05/2020 20:29:13, Snorkel Default ; Retail ;,,,,,,,,,,,,,,,,,,True
178,vignesh,0120829C,,"","","","vignesha@sib.co.in",29/05/2020 20:29:13,29/05/2021 20:29:13,Deleted,29/05/2020 20:29:13, Snorkel Default ; Retail ;,,,,,,,,,,,,,,,,,,True
179,vignesh,108DF7E179E6F9472652,,"","","","vignesha@sib.co.in",15/06/2020 12:20:59,15/06/2022 23:59:59,Deleted,15/06/2020 12:20:59, Snorkel Default ; Retail ;,,,,,,,,,,,,,,,,,,True
180,vignesh,013E8A01,,"","","","ibtech@sib.co.in",28/03/2021 15:54:48,28/03/2022 15:54:48,Deleted,28/03/2021 15:54:48, Snorkel Default ; Retail ;,,,,,,,,,,,,,,,,,,True
181,shanthip,013E8A01,,"","","","ibtech@sib.co.in",28/03/2021 15:54:48,28/03/2022 15:54:48,Deleted,28/03/2021 15:54:48, Snorkel Default ; Test_SIB ;,,,,,,,,,,,,,,,,,,True
182,shanthip,013E8A01,,"","","","ibtech@sib.co.in",28/03/2021 15:54:48,28/03/2022 15:54:48,Deleted,28/03/2021 15:54:48, Snorkel Default ; Test_SIB ;,,,,,,,,,,,,,,,,,,True
183,headsyst,0120829C,,"","","","ibtech@sib.co.in",29/05/2020 20:29:13,29/05/2021 20:29:13,Deleted,29/05/2020 20:29:13, Snorkel Default ; Test_SIB ;,,,,,,,,,,,,,,,,,,True
184,vignesh,108DF7E179E6F9472652,,"","","","ibtech@sib.co.in",15/06/2020 12:20:59,15/06/2022 23:59:59,Active,15/06/2020 12:20:59, Snorkel Default ; Retail ;,,,,,,,,,,,,,,,,,,True
185,shanthip,0120829C,,"","","","ibtech@sib.co.in",29/05/2020 20:29:13,29/05/2021 20:29:13,Deleted,29/05/2020 20:29:13, Snorkel Default ; Test_SIB ;,,,,,,,,,,,,,,,,,,True
186,w9898476,013E8A01,,"","","","ibtech@sib.co.in",28/03/2021 15:54:48,28/03/2022 15:54:48,Deleted,28/03/2021 15:54:48, Snorkel Default ; Retail ;,,,,,,,,,,,,,,,,,,True
187,shanthip,013E8A01,,"","","","ibtech@sib.co.in",28/03/2021 15:54:48,28/03/2022 15:54:48,Deleted,28/03/2021 15:54:48, Snorkel Default ; Test_SIB ;,,,,,,,,,,,,,,,,,,True
188,shanthip,013E8A01,,"","","","ibtech@sib.co.in",28/03/2021 15:54:48,28/03/2022 15:54:48,Deleted,28/03/2021 15:54:48, Snorkel Default ; Test_SIB ;,,,,,,,,,,,,,,,,,,True
189,progtest,013E8A01,,"","","","ibtech@sib.co.in",28/03/2021 15:54:48,28/03/2022 15:54:48,Deleted,28/03/2021 15:54:48, Snorkel Default ; Retail ;,,,,,,,,,,,,,,,,,,True
190,shanthip,013E8A01,,"","","","ibtech@sib.co.in",28/03/2021 15:54:48,28/03/2022 15:54:48,Deleted,28/03/2021 15:54:48, Snorkel Default ; Retail ;,,,,,,,,,,,,,,,,,,True
191,w9898476,013E8A01,,"","","","ibtech@sib.co.in",28/03/2021 15:54:48,28/03/2022 15:54:48,Deleted,28/03/2021 15:54:48, Snorkel Default ; Retail ;,,,,,,,,,,,,,,,,,,True
192,shanthip,013E8A01,,"","","","ibtech@sib.co.in",28/03/2021 15:54:48,28/03/2022 15:54:48,Active,28/03/2021 15:54:48, Snorkel Default ; Test_SIB ;,,,,,,,,,,,,,,,,,,True
193,qab25,54D31707E55F991769A3FB61ED0B52892921BB21,,"","","","dfgh@dfgh.dfg",17/12/2020 11:41:25,15/12/2030 11:41:25,Deleted,17/12/2020 11:41:25, Snorkel Default ; Retail ;,,,,,,,,,,,,,,,,,,True
194,qab24,11223344,,"","","","dfgh@fghj.fghj",15/07/2014 14:28:59,12/07/2024 14:28:59,Active,15/07/2014 14:28:59, Snorkel Default ; Retail ;,,,,,,,,,,,,,,,,,,True
195,qab27,54D31707E55F991769A3FB61ED0B52892921BB21,,"","","","jsdh@jsgd.jshd",17/12/2020 11:41:25,15/12/2030 11:41:25,Deleted,17/12/2020 11:41:25, Snorkel Default ; Retail ;,qab27,qab27,,,,,,,,,,,,,,,MIIEozCCA4ugAwIBAgIUVNMXB+VfmRdpo/th7QtSiSkhuyEwDQYJKoZIhvcNAQELBQAwgYkxCzAJBgNVBAYTAklOMQswCQYDVQQIEwJUTjELMAkGA1UEBxMCQ0gxIzAhBgNVBAoTGk9keXNzZXlUZWNobm9sb2dpZXNMaW1pdGVkMQswCQYDVQQLEwJRQTEdMBsGCSqGSIb3DQEJARYORGVtb0NBQG90bC5jb20xDzANBgNVBAMTBkRlbW9DQTAeFw0yMDEyMTcwNjExMjVaFw0zMDEyMTUwNjExMjVaMIGSMQswCQYDVQQGEwJJTjELMAkGA1UECAwCVE4xCzAJBgNVBAcMAkNIMRAwDgYDVQQKDAdPZHlzc2V5MQswCQYDVQQLDAJJVDEWMBQGA1UEAwwNMTkyLjE2OC4xMC43ODEhMB8GCSqGSIb3DQEJARYSb2R5c3NleXRlY0BvdGwuY29tMQ8wDQYDVQQRDAY2MDAwMDgwggEiMA0GCSqGSIb3DQEBAQUAA4IBDwAwggEKAoIBAQDC8gBvd+V9JGmxzwojsqU39/ZTIh0KqNlFA4OxZ4tlkmN7RD+jQUmE66z47c/ES3+3VU5wvFoLCQRaOhaRXt/FMzHdIGFsLC4iMIp2sa9J7W3qs8nh+o5F6TLSmiH8c7jf72AXv1OrwF3T4q15y/6n+zvihFZya3YNupTJQB9zJMZMeBl+jm7o3QCWtvTcTedQ9iZEQJBjuG6fTYhokIBx1FgwZxxMqecRB8FVeK976v01In4Utml1uRrqBQFe6NXL5Lk7MUnCdDsgy+rDG8PMVEt3YEch6sFYjqQVfWBsX0yNB1S2Eh7hbOAJQ/aBo4bEgf//69Uvdd3JwT/FygU/AgMBAAGjgfcwgfQwCwYDVR0PBAQDAgXgMB0GA1UdJQQWMBQGCCsGAQUFBwMCBggrBgEFBQcDATAfBgNVHSMEGDAWgBTdBIAh3kaL9BHPuerq/YwhmYcT3TAdBgNVHQ4EFgQUYlEovfRh0y5jPE37hgtwNHP2NW0wNgYIKwYBBQUHAQEEKjAoMCYGCCsGAQUFBzABhhpodHRwOi8vMTkyLjE2OC4xLjIyMjo5ODg4LzA0BgNVHR8ELTArMCmgJ6AlhiNodHRwOi8vMTkyLjE2OC4xLjEwNi9jcmwvRGVtb0NBLmNybDAYBgNVHREEETAPgg0xOTIuMTY4LjEwLjc4MA0GCSqGSIb3DQEBCwUAA4IBAQDJ8L+4UdixEfx/JYGXVzE1+Vx1sfePN/Hs+PWQtltdK4SxzxrltlHzjZaTI6Qnu0iCxCBOWrZLttGK5f0inRpDfT4MIFfH9fJVmCqPp4kUHlPOubteM2QKnbL7v5AwNv9p4DUL6vTin12WWVx1pB1HD6PIt7rTkfdZPiokvVlPmue0hWotcSJHgdIpqY9WYq9ZhXiHt6HbUCH5FHTQ22YBangtcppzn6pMW+IqK/x1DzL7VzmGinua/wrVEHn11bRdvrAgA+cXUDLpfhEI9GLEPBRUkVi3NN/kh4FmOKDDwyvGmmcvyJJpFP/NCfWuu4VTICrZk/lMo4XR3q9a3YZv,True
196,qab28,11223344,,"","","","jadh@jsd.gfj",15/07/2014 14:28:59,12/07/2024 14:28:59,Active,15/07/2014 14:28:59, Snorkel Default ; Retail ;,qab27,qab27,,,,,,,,,,,,,,,MIICSjCCAbOgAwIBAgIEESIzRDANBgkqhkiG9w0BAQUFADBUMQswCQYDVQQGFgJJTjELMAkGA1UECBYCVE4xEzARBgNVBAoWClNlY3VyZUJhbmsxCzAJBgNVBAsWAklUMRYwFAYDVQQDFg1TZWN1cmVCYW5rIENBMB4XDTE0MDcxNTA4NTg1OVoXDTI0MDcxMjA4NTg1OVowfzELMAkGA1UEBhYCSU4xCzAJBgNVBAgWAlROMRUwEwYDVQQHFgxOdW5nYW1iYWtrYW0xEDAOBgNVBAoWB09keXNzZXkxCzAJBgNVBAsWAlFBMREwDwYDVQQDFghOZXdVc2VyMTEaMBgGCSqGSIb3DQEJARYLbnUxQG90bC5jb20wgZ8wDQYJKoZIhvcNAQEBBQADgY0AMIGJAoGBAMqYL4LL1JldQ1XlvApawQtq8H1eTVROkbx2yBvfoKQrDo/9rX3/nZTG1j2IT7MA4IEfvye3aHCpoHfpiLiTPzpHeB4Et4wvhJD5ojqSODDnfT7Uw4Rms6Q7+NrtHv88RxK/1iWmPWyf08ag5WPUPo5rL3UmNGVU3qAGsJ+4ga+PAgMBAAEwDQYJKoZIhvcNAQEFBQADgYEAnYl8VULljuAkTTCejce0MgYY9HnXHWoOYAB33x54Nveri1o9Ye2+iIex8eiUu4QIoXu7YBO2Ec0q092xq36rTK4yRXucgJIRz9iEj7K5OHC61sUXltxqt9dsWnnt+4SW7TLOySc8iyoUSbA459czoM6DOufSMt0+VC1Rmc4iENA=,True
197,ashwin,11223344,,"","","","ashwin@otl.com",15/07/2014 14:28:59,12/07/2024 14:28:59,Deleted,15/07/2014 14:28:59, Snorkel Default ; Retail ;,,,,,,,,,,,,,,,,,MIICSjCCAbOgAwIBAgIEESIzRDANBgkqhkiG9w0BAQUFADBUMQswCQYDVQQGFgJJTjELMAkGA1UECBYCVE4xEzARBgNVBAoWClNlY3VyZUJhbmsxCzAJBgNVBAsWAklUMRYwFAYDVQQDFg1TZWN1cmVCYW5rIENBMB4XDTE0MDcxNTA4NTg1OVoXDTI0MDcxMjA4NTg1OVowfzELMAkGA1UEBhYCSU4xCzAJBgNVBAgWAlROMRUwEwYDVQQHFgxOdW5nYW1iYWtrYW0xEDAOBgNVBAoWB09keXNzZXkxCzAJBgNVBAsWAlFBMREwDwYDVQQDFghOZXdVc2VyMTEaMBgGCSqGSIb3DQEJARYLbnUxQG90bC5jb20wgZ8wDQYJKoZIhvcNAQEBBQADgY0AMIGJAoGBAMqYL4LL1JldQ1XlvApawQtq8H1eTVROkbx2yBvfoKQrDo/9rX3/nZTG1j2IT7MA4IEfvye3aHCpoHfpiLiTPzpHeB4Et4wvhJD5ojqSODDnfT7Uw4Rms6Q7+NrtHv88RxK/1iWmPWyf08ag5WPUPo5rL3UmNGVU3qAGsJ+4ga+PAgMBAAEwDQYJKoZIhvcNAQEFBQADgYEAnYl8VULljuAkTTCejce0MgYY9HnXHWoOYAB33x54Nveri1o9Ye2+iIex8eiUu4QIoXu7YBO2Ec0q092xq36rTK4yRXucgJIRz9iEj7K5OHC61sUXltxqt9dsWnnt+4SW7TLOySc8iyoUSbA459czoM6DOufSMt0+VC1Rmc4iENA=,True
198,qab29,3A0E2F6DC10B1CEB2363B11C3CBF6A6633BFE5AE,,"","","","fghj@hgjs.fgh",15/02/2021 15:38:36,14/02/2026 15:38:36,Active,15/02/2021 15:38:36, Snorkel Default ; Retail ;,,,,,,,,,,,,,,,,,MIIEwDCCA6igAwIBAgIUOg4vbcELHOsjY7EcPL9qZjO/5a4wDQYJKoZIhvcNAQELBQAwgYkxCzAJBgNVBAYTAklOMQswCQYDVQQIEwJUTjELMAkGA1UEBxMCQ0gxIzAhBgNVBAoTGk9keXNzZXlUZWNobm9sb2dpZXNMaW1pdGVkMQswCQYDVQQLEwJRQTEdMBsGCSqGSIb3DQEJARYORGVtb0NBQG90bC5jb20xDzANBgNVBAMTBkRlbW9DQTAeFw0yMTAyMTUxMDA4MzZaFw0yNjAyMTQxMDA4MzZaMIGIMQswCQYDVQQGEwJJTjELMAkGA1UECAwCVE4xEDAOBgNVBAcMB0NoZW5uYWkxEDAOBgNVBAoMB09keXNzZXkxDDAKBgNVBAsMA290bDEVMBMGA1UEAwwMMTkyLjE2OC4xLjc3MSMwIQYJKoZIhvcNAQkBFhRvdGwwNzdAbmV3ZG9tYWluLmNvbTCCASIwDQYJKoZIhvcNAQEBBQADggEPADCCAQoCggEBAK6BZIlTJzOoWjtdeJmO8JksF7VTl+xB366O9VLNmO9oxxUnwhRrq9xC/CLR7ucWL5Sdvrvi7ijZRRpyb2bQu8k86vl9JTgtckq10Jk/6j3nObRcPt5LP8Dm0MX7iKQsP1TByIKLw/VxxK5NrND5zZwcCSxaf+aQTSnraxhGVFqowuYoGStK7qAw664XyOgWZ+4BZ8I6vaMeqp39a0eCBGvp5nMQ8f7lo5eo8QN9Ad+vRzIoaRdogO2hpiseB204FEZW1/uFh9SrncFNv1To495iE0huCvUYqpk9g75aMhzt7shUrJoDzytKtoWh8pI3HpIHUYSmQILjXc40/5ZVwlcCAwEAAaOCAR0wggEZMAsGA1UdDwQEAwID6DAnBgNVHSUEIDAeBggrBgEFBQcDAgYIKwYBBQUHAwEGCCsGAQUFBwMEMB0GA1UdDgQWBBTvWeoVqBnuws8g3KpPGoKXrOS2TTAuBgNVHREEJzAlggwxOTIuMTY4LjEuNzeCFW90bDA3Ny5vZHlzc2V5dGVjLmNvbTAfBgNVHSMEGDAWgBTdBIAh3kaL9BHPuerq/YwhmYcT3TA0BgNVHR8ELTArMCmgJ6AlhiNodHRwOi8vMTkyLjE2OC4xLjEwNi9jcmwvRGVtb0NBLmNybDA7BggrBgEFBQcBAQQvMC0wKwYIKwYBBQUHMAGGH2h0dHA6Ly8xOTIuMTY4LjEuOTk6ODA4Mi9kZW1vQ0EwDQYJKoZIhvcNAQELBQADggEBAChXDcaHciBKxwaik56B1s06X+iaQY1M/goyBCXiNJzV/Bm6fsWSgf1bTu3GHTnhD7tH3ukjPOtrY5V1C+kpszVlzy3lbCUiDGWBfxoBr5u2l+pDAytROZS2/gWsfsGayigQGELu0K7MK248bBbKEsghCRhy5ArXFgfDSndd6VzW8oGjxqXqmk164YpKIDtEPoixLCG0GC9ecFz4B8yEjiNIOVI5ai0ORohY5WLr2eRJW1OdI7jgmS4aa4nioRYF+1WpIMeGij3BJtkUxjJJoER2ztp3DyZh74R8Flqm8VQWVferJvQWKXWRmeJArjYVZR2BEIkAlUJjKjFP8HoimIU=,True
199,ashwin,11223344,,"","","","ashwin@otl.com",15/07/2014 14:28:59,12/07/2024 14:28:59,Deleted,15/07/2014 14:28:59, Snorkel Default ; Retail ; Test_SIB ;,,,,,,,,,,,,,,,,,MIICSjCCAbOgAwIBAgIEESIzRDANBgkqhkiG9w0BAQUFADBUMQswCQYDVQQGFgJJTjELMAkGA1UECBYCVE4xEzARBgNVBAoWClNlY3VyZUJhbmsxCzAJBgNVBAsWAklUMRYwFAYDVQQDFg1TZWN1cmVCYW5rIENBMB4XDTE0MDcxNTA4NTg1OVoXDTI0MDcxMjA4NTg1OVowfzELMAkGA1UEBhYCSU4xCzAJBgNVBAgWAlROMRUwEwYDVQQHFgxOdW5nYW1iYWtrYW0xEDAOBgNVBAoWB09keXNzZXkxCzAJBgNVBAsWAlFBMREwDwYDVQQDFghOZXdVc2VyMTEaMBgGCSqGSIb3DQEJARYLbnUxQG90bC5jb20wgZ8wDQYJKoZIhvcNAQEBBQADgY0AMIGJAoGBAMqYL4LL1JldQ1XlvApawQtq8H1eTVROkbx2yBvfoKQrDo/9rX3/nZTG1j2IT7MA4IEfvye3aHCpoHfpiLiTPzpHeB4Et4wvhJD5ojqSODDnfT7Uw4Rms6Q7+NrtHv88RxK/1iWmPWyf08ag5WPUPo5rL3UmNGVU3qAGsJ+4ga+PAgMBAAEwDQYJKoZIhvcNAQEFBQADgYEAnYl8VULljuAkTTCejce0MgYY9HnXHWoOYAB33x54Nveri1o9Ye2+iIex8eiUu4QIoXu7YBO2Ec0q092xq36rTK4yRXucgJIRz9iEj7K5OHC61sUXltxqt9dsWnnt+4SW7TLOySc8iyoUSbA459czoM6DOufSMt0+VC1Rmc4iENA=,True
200,ashwin,11223344,,"","","","ashwin@otl.com",15/07/2014 14:28:59,12/07/2024 14:28:59,Deleted,15/07/2014 14:28:59, Snorkel Default ; Retail ; Test_SIB ;,,,,,,,,,,,,,,,,,MIICSjCCAbOgAwIBAgIEESIzRDANBgkqhkiG9w0BAQUFADBUMQswCQYDVQQGFgJJTjELMAkGA1UECBYCVE4xEzARBgNVBAoWClNlY3VyZUJhbmsxCzAJBgNVBAsWAklUMRYwFAYDVQQDFg1TZWN1cmVCYW5rIENBMB4XDTE0MDcxNTA4NTg1OVoXDTI0MDcxMjA4NTg1OVowfzELMAkGA1UEBhYCSU4xCzAJBgNVBAgWAlROMRUwEwYDVQQHFgxOdW5nYW1iYWtrYW0xEDAOBgNVBAoWB09keXNzZXkxCzAJBgNVBAsWAlFBMREwDwYDVQQDFghOZXdVc2VyMTEaMBgGCSqGSIb3DQEJARYLbnUxQG90bC5jb20wgZ8wDQYJKoZIhvcNAQEBBQADgY0AMIGJAoGBAMqYL4LL1JldQ1XlvApawQtq8H1eTVROkbx2yBvfoKQrDo/9rX3/nZTG1j2IT7MA4IEfvye3aHCpoHfpiLiTPzpHeB4Et4wvhJD5ojqSODDnfT7Uw4Rms6Q7+NrtHv88RxK/1iWmPWyf08ag5WPUPo5rL3UmNGVU3qAGsJ+4ga+PAgMBAAEwDQYJKoZIhvcNAQEFBQADgYEAnYl8VULljuAkTTCejce0MgYY9HnXHWoOYAB33x54Nveri1o9Ye2+iIex8eiUu4QIoXu7YBO2Ec0q092xq36rTK4yRXucgJIRz9iEj7K5OHC61sUXltxqt9dsWnnt+4SW7TLOySc8iyoUSbA459czoM6DOufSMt0+VC1Rmc4iENA=,True
201,ashwin,11223344,,"","","","ashwin@otl.com",15/07/2014 14:28:59,12/07/2024 14:28:59,Deleted,15/07/2014 14:28:59, Snorkel Default ; Retail ; Test_SIB ;,,,,,,,,,,,,,,,,,MIICSjCCAbOgAwIBAgIEESIzRDANBgkqhkiG9w0BAQUFADBUMQswCQYDVQQGFgJJTjELMAkGA1UECBYCVE4xEzARBgNVBAoWClNlY3VyZUJhbmsxCzAJBgNVBAsWAklUMRYwFAYDVQQDFg1TZWN1cmVCYW5rIENBMB4XDTE0MDcxNTA4NTg1OVoXDTI0MDcxMjA4NTg1OVowfzELMAkGA1UEBhYCSU4xCzAJBgNVBAgWAlROMRUwEwYDVQQHFgxOdW5nYW1iYWtrYW0xEDAOBgNVBAoWB09keXNzZXkxCzAJBgNVBAsWAlFBMREwDwYDVQQDFghOZXdVc2VyMTEaMBgGCSqGSIb3DQEJARYLbnUxQG90bC5jb20wgZ8wDQYJKoZIhvcNAQEBBQADgY0AMIGJAoGBAMqYL4LL1JldQ1XlvApawQtq8H1eTVROkbx2yBvfoKQrDo/9rX3/nZTG1j2IT7MA4IEfvye3aHCpoHfpiLiTPzpHeB4Et4wvhJD5ojqSODDnfT7Uw4Rms6Q7+NrtHv88RxK/1iWmPWyf08ag5WPUPo5rL3UmNGVU3qAGsJ+4ga+PAgMBAAEwDQYJKoZIhvcNAQEFBQADgYEAnYl8VULljuAkTTCejce0MgYY9HnXHWoOYAB33x54Nveri1o9Ye2+iIex8eiUu4QIoXu7YBO2Ec0q092xq36rTK4yRXucgJIRz9iEj7K5OHC61sUXltxqt9dsWnnt+4SW7TLOySc8iyoUSbA459czoM6DOufSMt0+VC1Rmc4iENA=,True
202,ashwin,11223344,,"","","","ashwin@otl.com",15/07/2014 14:28:59,12/07/2024 14:28:59,Deleted,15/07/2014 14:28:59, Snorkel Default ; Retail ; Test_SIB ;,,,,,,,,,,,,,,,,,MIICSjCCAbOgAwIBAgIEESIzRDANBgkqhkiG9w0BAQUFADBUMQswCQYDVQQGFgJJTjELMAkGA1UECBYCVE4xEzARBgNVBAoWClNlY3VyZUJhbmsxCzAJBgNVBAsWAklUMRYwFAYDVQQDFg1TZWN1cmVCYW5rIENBMB4XDTE0MDcxNTA4NTg1OVoXDTI0MDcxMjA4NTg1OVowfzELMAkGA1UEBhYCSU4xCzAJBgNVBAgWAlROMRUwEwYDVQQHFgxOdW5nYW1iYWtrYW0xEDAOBgNVBAoWB09keXNzZXkxCzAJBgNVBAsWAlFBMREwDwYDVQQDFghOZXdVc2VyMTEaMBgGCSqGSIb3DQEJARYLbnUxQG90bC5jb20wgZ8wDQYJKoZIhvcNAQEBBQADgY0AMIGJAoGBAMqYL4LL1JldQ1XlvApawQtq8H1eTVROkbx2yBvfoKQrDo/9rX3/nZTG1j2IT7MA4IEfvye3aHCpoHfpiLiTPzpHeB4Et4wvhJD5ojqSODDnfT7Uw4Rms6Q7+NrtHv88RxK/1iWmPWyf08ag5WPUPo5rL3UmNGVU3qAGsJ+4ga+PAgMBAAEwDQYJKoZIhvcNAQEFBQADgYEAnYl8VULljuAkTTCejce0MgYY9HnXHWoOYAB33x54Nveri1o9Ye2+iIex8eiUu4QIoXu7YBO2Ec0q092xq36rTK4yRXucgJIRz9iEj7K5OHC61sUXltxqt9dsWnnt+4SW7TLOySc8iyoUSbA459czoM6DOufSMt0+VC1Rmc4iENA=,True
203,ashwin,11223344,,"","","","ashwin@otl.com",15/07/2014 14:28:59,12/07/2024 14:28:59,Deleted,15/07/2014 14:28:59, Snorkel Default ; Retail ; Test_SIB ;,,,,,,,,,,,,,,,,,MIICSjCCAbOgAwIBAgIEESIzRDANBgkqhkiG9w0BAQUFADBUMQswCQYDVQQGFgJJTjELMAkGA1UECBYCVE4xEzARBgNVBAoWClNlY3VyZUJhbmsxCzAJBgNVBAsWAklUMRYwFAYDVQQDFg1TZWN1cmVCYW5rIENBMB4XDTE0MDcxNTA4NTg1OVoXDTI0MDcxMjA4NTg1OVowfzELMAkGA1UEBhYCSU4xCzAJBgNVBAgWAlROMRUwEwYDVQQHFgxOdW5nYW1iYWtrYW0xEDAOBgNVBAoWB09keXNzZXkxCzAJBgNVBAsWAlFBMREwDwYDVQQDFghOZXdVc2VyMTEaMBgGCSqGSIb3DQEJARYLbnUxQG90bC5jb20wgZ8wDQYJKoZIhvcNAQEBBQADgY0AMIGJAoGBAMqYL4LL1JldQ1XlvApawQtq8H1eTVROkbx2yBvfoKQrDo/9rX3/nZTG1j2IT7MA4IEfvye3aHCpoHfpiLiTPzpHeB4Et4wvhJD5ojqSODDnfT7Uw4Rms6Q7+NrtHv88RxK/1iWmPWyf08ag5WPUPo5rL3UmNGVU3qAGsJ+4ga+PAgMBAAEwDQYJKoZIhvcNAQEFBQADgYEAnYl8VULljuAkTTCejce0MgYY9HnXHWoOYAB33x54Nveri1o9Ye2+iIex8eiUu4QIoXu7YBO2Ec0q092xq36rTK4yRXucgJIRz9iEj7K5OHC61sUXltxqt9dsWnnt+4SW7TLOySc8iyoUSbA459czoM6DOufSMt0+VC1Rmc4iENA=,True
204,ashwin,11223344,,"","","","ashwin@otl.com",15/07/2014 14:28:59,12/07/2024 14:28:59,Deleted,15/07/2014 14:28:59, Snorkel Default ;,,,,,,,,,,,,,,,,,MIICSjCCAbOgAwIBAgIEESIzRDANBgkqhkiG9w0BAQUFADBUMQswCQYDVQQGFgJJTjELMAkGA1UECBYCVE4xEzARBgNVBAoWClNlY3VyZUJhbmsxCzAJBgNVBAsWAklUMRYwFAYDVQQDFg1TZWN1cmVCYW5rIENBMB4XDTE0MDcxNTA4NTg1OVoXDTI0MDcxMjA4NTg1OVowfzELMAkGA1UEBhYCSU4xCzAJBgNVBAgWAlROMRUwEwYDVQQHFgxOdW5nYW1iYWtrYW0xEDAOBgNVBAoWB09keXNzZXkxCzAJBgNVBAsWAlFBMREwDwYDVQQDFghOZXdVc2VyMTEaMBgGCSqGSIb3DQEJARYLbnUxQG90bC5jb20wgZ8wDQYJKoZIhvcNAQEBBQADgY0AMIGJAoGBAMqYL4LL1JldQ1XlvApawQtq8H1eTVROkbx2yBvfoKQrDo/9rX3/nZTG1j2IT7MA4IEfvye3aHCpoHfpiLiTPzpHeB4Et4wvhJD5ojqSODDnfT7Uw4Rms6Q7+NrtHv88RxK/1iWmPWyf08ag5WPUPo5rL3UmNGVU3qAGsJ+4ga+PAgMBAAEwDQYJKoZIhvcNAQEFBQADgYEAnYl8VULljuAkTTCejce0MgYY9HnXHWoOYAB33x54Nveri1o9Ye2+iIex8eiUu4QIoXu7YBO2Ec0q092xq36rTK4yRXucgJIRz9iEj7K5OHC61sUXltxqt9dsWnnt+4SW7TLOySc8iyoUSbA459czoM6DOufSMt0+VC1Rmc4iENA=,True
205,ashwin,11223344,,"","","","ashwin@otl.com",15/07/2014 14:28:59,12/07/2024 14:28:59,Deleted,15/07/2014 14:28:59, Snorkel Default ; Retail ; Test_SIB ;,,,,,,,,,,,,,,,,,MIICSjCCAbOgAwIBAgIEESIzRDANBgkqhkiG9w0BAQUFADBUMQswCQYDVQQGFgJJTjELMAkGA1UECBYCVE4xEzARBgNVBAoWClNlY3VyZUJhbmsxCzAJBgNVBAsWAklUMRYwFAYDVQQDFg1TZWN1cmVCYW5rIENBMB4XDTE0MDcxNTA4NTg1OVoXDTI0MDcxMjA4NTg1OVowfzELMAkGA1UEBhYCSU4xCzAJBgNVBAgWAlROMRUwEwYDVQQHFgxOdW5nYW1iYWtrYW0xEDAOBgNVBAoWB09keXNzZXkxCzAJBgNVBAsWAlFBMREwDwYDVQQDFghOZXdVc2VyMTEaMBgGCSqGSIb3DQEJARYLbnUxQG90bC5jb20wgZ8wDQYJKoZIhvcNAQEBBQADgY0AMIGJAoGBAMqYL4LL1JldQ1XlvApawQtq8H1eTVROkbx2yBvfoKQrDo/9rX3/nZTG1j2IT7MA4IEfvye3aHCpoHfpiLiTPzpHeB4Et4wvhJD5ojqSODDnfT7Uw4Rms6Q7+NrtHv88RxK/1iWmPWyf08ag5WPUPo5rL3UmNGVU3qAGsJ+4ga+PAgMBAAEwDQYJKoZIhvcNAQEFBQADgYEAnYl8VULljuAkTTCejce0MgYY9HnXHWoOYAB33x54Nveri1o9Ye2+iIex8eiUu4QIoXu7YBO2Ec0q092xq36rTK4yRXucgJIRz9iEj7K5OHC61sUXltxqt9dsWnnt+4SW7TLOySc8iyoUSbA459czoM6DOufSMt0+VC1Rmc4iENA=,True
206,ashwin,11223344,,"","","","ashwin@otl.com",15/07/2014 14:28:59,12/07/2024 14:28:59,Deleted,15/07/2014 14:28:59, Snorkel Default ; Retail ; Test_SIB ;,,,,,,,,,,,,,,,,,MIICSjCCAbOgAwIBAgIEESIzRDANBgkqhkiG9w0BAQUFADBUMQswCQYDVQQGFgJJTjELMAkGA1UECBYCVE4xEzARBgNVBAoWClNlY3VyZUJhbmsxCzAJBgNVBAsWAklUMRYwFAYDVQQDFg1TZWN1cmVCYW5rIENBMB4XDTE0MDcxNTA4NTg1OVoXDTI0MDcxMjA4NTg1OVowfzELMAkGA1UEBhYCSU4xCzAJBgNVBAgWAlROMRUwEwYDVQQHFgxOdW5nYW1iYWtrYW0xEDAOBgNVBAoWB09keXNzZXkxCzAJBgNVBAsWAlFBMREwDwYDVQQDFghOZXdVc2VyMTEaMBgGCSqGSIb3DQEJARYLbnUxQG90bC5jb20wgZ8wDQYJKoZIhvcNAQEBBQADgY0AMIGJAoGBAMqYL4LL1JldQ1XlvApawQtq8H1eTVROkbx2yBvfoKQrDo/9rX3/nZTG1j2IT7MA4IEfvye3aHCpoHfpiLiTPzpHeB4Et4wvhJD5ojqSODDnfT7Uw4Rms6Q7+NrtHv88RxK/1iWmPWyf08ag5WPUPo5rL3UmNGVU3qAGsJ+4ga+PAgMBAAEwDQYJKoZIhvcNAQEFBQADgYEAnYl8VULljuAkTTCejce0MgYY9HnXHWoOYAB33x54Nveri1o9Ye2+iIex8eiUu4QIoXu7YBO2Ec0q092xq36rTK4yRXucgJIRz9iEj7K5OHC61sUXltxqt9dsWnnt+4SW7TLOySc8iyoUSbA459czoM6DOufSMt0+VC1Rmc4iENA=,True
207,ashwin,11223344,,"","","","ashwin@otl.com",15/07/2014 14:28:59,12/07/2024 14:28:59,Deleted,15/07/2014 14:28:59, Snorkel Default ; Retail ; Test_SIB ;,,,,,,,,,,,,,,,,,MIICSjCCAbOgAwIBAgIEESIzRDANBgkqhkiG9w0BAQUFADBUMQswCQYDVQQGFgJJTjELMAkGA1UECBYCVE4xEzARBgNVBAoWClNlY3VyZUJhbmsxCzAJBgNVBAsWAklUMRYwFAYDVQQDFg1TZWN1cmVCYW5rIENBMB4XDTE0MDcxNTA4NTg1OVoXDTI0MDcxMjA4NTg1OVowfzELMAkGA1UEBhYCSU4xCzAJBgNVBAgWAlROMRUwEwYDVQQHFgxOdW5nYW1iYWtrYW0xEDAOBgNVBAoWB09keXNzZXkxCzAJBgNVBAsWAlFBMREwDwYDVQQDFghOZXdVc2VyMTEaMBgGCSqGSIb3DQEJARYLbnUxQG90bC5jb20wgZ8wDQYJKoZIhvcNAQEBBQADgY0AMIGJAoGBAMqYL4LL1JldQ1XlvApawQtq8H1eTVROkbx2yBvfoKQrDo/9rX3/nZTG1j2IT7MA4IEfvye3aHCpoHfpiLiTPzpHeB4Et4wvhJD5ojqSODDnfT7Uw4Rms6Q7+NrtHv88RxK/1iWmPWyf08ag5WPUPo5rL3UmNGVU3qAGsJ+4ga+PAgMBAAEwDQYJKoZIhvcNAQEFBQADgYEAnYl8VULljuAkTTCejce0MgYY9HnXHWoOYAB33x54Nveri1o9Ye2+iIex8eiUu4QIoXu7YBO2Ec0q092xq36rTK4yRXucgJIRz9iEj7K5OHC61sUXltxqt9dsWnnt+4SW7TLOySc8iyoUSbA459czoM6DOufSMt0+VC1Rmc4iENA=,True
208,ashwin,11223344,,"","","","ashwin@otl.com",15/07/2014 14:28:59,12/07/2024 14:28:59,Deleted,15/07/2014 14:28:59, Snorkel Default ; Retail ; Test_SIB ;,,,,,,,,,,,,,,,,,MIICSjCCAbOgAwIBAgIEESIzRDANBgkqhkiG9w0BAQUFADBUMQswCQYDVQQGFgJJTjELMAkGA1UECBYCVE4xEzARBgNVBAoWClNlY3VyZUJhbmsxCzAJBgNVBAsWAklUMRYwFAYDVQQDFg1TZWN1cmVCYW5rIENBMB4XDTE0MDcxNTA4NTg1OVoXDTI0MDcxMjA4NTg1OVowfzELMAkGA1UEBhYCSU4xCzAJBgNVBAgWAlROMRUwEwYDVQQHFgxOdW5nYW1iYWtrYW0xEDAOBgNVBAoWB09keXNzZXkxCzAJBgNVBAsWAlFBMREwDwYDVQQDFghOZXdVc2VyMTEaMBgGCSqGSIb3DQEJARYLbnUxQG90bC5jb20wgZ8wDQYJKoZIhvcNAQEBBQADgY0AMIGJAoGBAMqYL4LL1JldQ1XlvApawQtq8H1eTVROkbx2yBvfoKQrDo/9rX3/nZTG1j2IT7MA4IEfvye3aHCpoHfpiLiTPzpHeB4Et4wvhJD5ojqSODDnfT7Uw4Rms6Q7+NrtHv88RxK/1iWmPWyf08ag5WPUPo5rL3UmNGVU3qAGsJ+4ga+PAgMBAAEwDQYJKoZIhvcNAQEFBQADgYEAnYl8VULljuAkTTCejce0MgYY9HnXHWoOYAB33x54Nveri1o9Ye2+iIex8eiUu4QIoXu7YBO2Ec0q092xq36rTK4yRXucgJIRz9iEj7K5OHC61sUXltxqt9dsWnnt+4SW7TLOySc8iyoUSbA459czoM6DOufSMt0+VC1Rmc4iENA=,True
209,ashwin,11223344,,"","","","ashwin@otl.com",15/07/2014 14:28:59,12/07/2024 14:28:59,Deleted,15/07/2014 14:28:59, Snorkel Default ; Retail ; Test_SIB ;,,,,,,,,,,,,,,,,,MIICSjCCAbOgAwIBAgIEESIzRDANBgkqhkiG9w0BAQUFADBUMQswCQYDVQQGFgJJTjELMAkGA1UECBYCVE4xEzARBgNVBAoWClNlY3VyZUJhbmsxCzAJBgNVBAsWAklUMRYwFAYDVQQDFg1TZWN1cmVCYW5rIENBMB4XDTE0MDcxNTA4NTg1OVoXDTI0MDcxMjA4NTg1OVowfzELMAkGA1UEBhYCSU4xCzAJBgNVBAgWAlROMRUwEwYDVQQHFgxOdW5nYW1iYWtrYW0xEDAOBgNVBAoWB09keXNzZXkxCzAJBgNVBAsWAlFBMREwDwYDVQQDFghOZXdVc2VyMTEaMBgGCSqGSIb3DQEJARYLbnUxQG90bC5jb20wgZ8wDQYJKoZIhvcNAQEBBQADgY0AMIGJAoGBAMqYL4LL1JldQ1XlvApawQtq8H1eTVROkbx2yBvfoKQrDo/9rX3/nZTG1j2IT7MA4IEfvye3aHCpoHfpiLiTPzpHeB4Et4wvhJD5ojqSODDnfT7Uw4Rms6Q7+NrtHv88RxK/1iWmPWyf08ag5WPUPo5rL3UmNGVU3qAGsJ+4ga+PAgMBAAEwDQYJKoZIhvcNAQEFBQADgYEAnYl8VULljuAkTTCejce0MgYY9HnXHWoOYAB33x54Nveri1o9Ye2+iIex8eiUu4QIoXu7YBO2Ec0q092xq36rTK4yRXucgJIRz9iEj7K5OHC61sUXltxqt9dsWnnt+4SW7TLOySc8iyoUSbA459czoM6DOufSMt0+VC1Rmc4iENA=,True
210,ashwin,11223344,,"","","","ashwin@otl.com",15/07/2014 14:28:59,12/07/2024 14:28:59,Deleted,15/07/2014 14:28:59, Snorkel Default ; Retail ; Test_SIB ;,,,,,,,,,,,,,,,,,MIICSjCCAbOgAwIBAgIEESIzRDANBgkqhkiG9w0BAQUFADBUMQswCQYDVQQGFgJJTjELMAkGA1UECBYCVE4xEzARBgNVBAoWClNlY3VyZUJhbmsxCzAJBgNVBAsWAklUMRYwFAYDVQQDFg1TZWN1cmVCYW5rIENBMB4XDTE0MDcxNTA4NTg1OVoXDTI0MDcxMjA4NTg1OVowfzELMAkGA1UEBhYCSU4xCzAJBgNVBAgWAlROMRUwEwYDVQQHFgxOdW5nYW1iYWtrYW0xEDAOBgNVBAoWB09keXNzZXkxCzAJBgNVBAsWAlFBMREwDwYDVQQDFghOZXdVc2VyMTEaMBgGCSqGSIb3DQEJARYLbnUxQG90bC5jb20wgZ8wDQYJKoZIhvcNAQEBBQADgY0AMIGJAoGBAMqYL4LL1JldQ1XlvApawQtq8H1eTVROkbx2yBvfoKQrDo/9rX3/nZTG1j2IT7MA4IEfvye3aHCpoHfpiLiTPzpHeB4Et4wvhJD5ojqSODDnfT7Uw4Rms6Q7+NrtHv88RxK/1iWmPWyf08ag5WPUPo5rL3UmNGVU3qAGsJ+4ga+PAgMBAAEwDQYJKoZIhvcNAQEFBQADgYEAnYl8VULljuAkTTCejce0MgYY9HnXHWoOYAB33x54Nveri1o9Ye2+iIex8eiUu4QIoXu7YBO2Ec0q092xq36rTK4yRXucgJIRz9iEj7K5OHC61sUXltxqt9dsWnnt+4SW7TLOySc8iyoUSbA459czoM6DOufSMt0+VC1Rmc4iENA=,True
211,minion,4D15A593E8E5987C5C37A4F7651966D5B3DEA2A7,,"","","","minion@gmail.com",19/08/2021 12:41:21,17/08/2031 12:41:21,Active,19/08/2021 12:41:21, Snorkel Default ; Retail ; Test_SIB ;,minion,odyssey,,,,,,,,,,,,,,,MIIE5TCCAs2gAwIBAgIUTRWlk+jlmHxcN6T3ZRlm1bPeoqcwDQYJKoZIhvcNAQELBQAwaTEOMAwGA1UEAwwFQ2hhcnUxCzAJBgNVBAYTAklOMQswCQYDVQQIDAJUTjEeMBwGCSqGSIb3DQEJARYPY2hhcnVAZ21haWwuY29tMRAwDgYDVQQKDAdPZHlzc2V5MQswCQYDVQQLDAJRQTAeFw0yMTA4MTkwNzExMjFaFw0zMTA4MTcwNzExMjFaMG8xETAPBgNVBAMMCGNoYXJ1RW5kMQswCQYDVQQHDAJDSDELMAkGA1UECAwCVE4xEDAOBgNVBAoMB09EWVNTRVkxCzAJBgNVBAsMAlFBMSEwHwYJKoZIhvcNAQkBFhJjaGFydUVuZEBnbWFpbC5jb20wggEiMA0GCSqGSIb3DQEBAQUAA4IBDwAwggEKAoIBAQDikf6e1mpdc8Z4EWcIP6ym/DUT7w2JUSYcmFh4a2fRuMp9IP26JREpj/rh+A8/uFfSxQk5n2RHZXzcP74SxzXt7h3SouRjE8K96AFiRwiJc1jeyC3+q3kmLU868SUvNHFdIf69eLwSQHoI6yuzGdy5bGWIzZhcAx4WhYiZT01A8vNK8Nmqv1w/ovaZP5mx5mmq+8MQunHc7vIenKMnWV+aKmiFu9TtMaygjWz3Cr2Q3dmdsqEOQwDMJKAjGssP52mz20ZveIqd/OV3CQkfIvDFmM5BPEHryXqxv6B138Yve66y3C8wLTFScEghcY5PtmFzpj6fvuQIr//3BZrlC5lpAgMBAAGjfzB9MA8GA1UdEwEB/wQFMAMBAf8wCwYDVR0PBAQDAgWgMB0GA1UdJQQWMBQGCCsGAQUFBwMCBggrBgEFBQcDATAfBgNVHSMEGDAWgBSJri2DWYQguGtBgdJ/LiVGiREi2zAdBgNVHQ4EFgQUMwXNX2IPaw/hssSg/qRgQhF/rB4wDQYJKoZIhvcNAQELBQADggIBACnSJpAx9jQX0lDmj+3eSJpsTFqF8y4DJCvLrVPTo1oP8xRvndSeHho7Fd40W2iNNhTgffGgEkuTvAkBOxapSfqaXVdrdI6cyGbZbNv+4cmoT1PXMyeKlUs/2gNdZJTmW2NmgDpiLypRDcf62IPwsmGCZAeW2yENC7YdeehyJh3FO8i3QSImug4gWiiVCICWL36woUvi/yzq5VW1Z6r8BZOqKlP7P6JY7QtpBzu8rOVDC1QU+VejtIFwVUvYjkXlYpqUgn/wWtVXDoq+9PlNic/WoCcVZOfMNhBjm87VJ3vjrrlB0n6DPBx5IrrI1N4lEiha9W5KFGjNTlIp3bXPrkVLUP+seDzCskSeOE+xv0PIFN5Ic5dLttjPLUTCvR64nXaGk79KdmgOWi8dDbvTPV9Gtl0rJ9QtFI4cT47eurR3Wim+zEuPJsyef0w1Gwki6C6FfidJvEDBv0Y2vNmmTsxAZI08My5NocBhmkltjUScibUzOtRwX4iT0uN3fFRaFLg+HwgqrKkEkncESq1De1/T9zI+z1Njr1ufS51E50xCxGo5XCRjP3mqbnmag2djUID1/iQI0kG1UkIyie33rlkiD7TY+J3RvJHI0XkFIVif+rmiQUkjGm+DQCgkJoa8smeGTV7g8fREC/qMJ9tra45ihD+ckOU6l5LkKAIubimB,True
212,mnbvcxz,11223344,,"","","","a@otl.com",15/07/2014 14:28:59,12/07/2024 14:28:59,Active,15/07/2014 14:28:59, Snorkel Default ; Retail ; Test_SIB ;,mnbvcxz,odyssey,,,,,,,,,,,,,,,MIICSjCCAbOgAwIBAgIEESIzRDANBgkqhkiG9w0BAQUFADBUMQswCQYDVQQGFgJJTjELMAkGA1UECBYCVE4xEzARBgNVBAoWClNlY3VyZUJhbmsxCzAJBgNVBAsWAklUMRYwFAYDVQQDFg1TZWN1cmVCYW5rIENBMB4XDTE0MDcxNTA4NTg1OVoXDTI0MDcxMjA4NTg1OVowfzELMAkGA1UEBhYCSU4xCzAJBgNVBAgWAlROMRUwEwYDVQQHFgxOdW5nYW1iYWtrYW0xEDAOBgNVBAoWB09keXNzZXkxCzAJBgNVBAsWAlFBMREwDwYDVQQDFghOZXdVc2VyMTEaMBgGCSqGSIb3DQEJARYLbnUxQG90bC5jb20wgZ8wDQYJKoZIhvcNAQEBBQADgY0AMIGJAoGBAMqYL4LL1JldQ1XlvApawQtq8H1eTVROkbx2yBvfoKQrDo/9rX3/nZTG1j2IT7MA4IEfvye3aHCpoHfpiLiTPzpHeB4Et4wvhJD5ojqSODDnfT7Uw4Rms6Q7+NrtHv88RxK/1iWmPWyf08ag5WPUPo5rL3UmNGVU3qAGsJ+4ga+PAgMBAAEwDQYJKoZIhvcNAQEFBQADgYEAnYl8VULljuAkTTCejce0MgYY9HnXHWoOYAB33x54Nveri1o9Ye2+iIex8eiUu4QIoXu7YBO2Ec0q092xq36rTK4yRXucgJIRz9iEj7K5OHC61sUXltxqt9dsWnnt+4SW7TLOySc8iyoUSbA459czoM6DOufSMt0+VC1Rmc4iENA=,True
213,Ravi_Cert,11223344,,"","","","ravi@odysseytec.co.in",15/07/2014 14:28:59,12/07/2024 14:28:59,Active,15/07/2014 14:28:59, Snorkel Default ; Retail ; Test_SIB ;,ravi,odyssey,,,,,,,,,,,,,,,MIICSjCCAbOgAwIBAgIEESIzRDANBgkqhkiG9w0BAQUFADBUMQswCQYDVQQGFgJJTjELMAkGA1UECBYCVE4xEzARBgNVBAoWClNlY3VyZUJhbmsxCzAJBgNVBAsWAklUMRYwFAYDVQQDFg1TZWN1cmVCYW5rIENBMB4XDTE0MDcxNTA4NTg1OVoXDTI0MDcxMjA4NTg1OVowfzELMAkGA1UEBhYCSU4xCzAJBgNVBAgWAlROMRUwEwYDVQQHFgxOdW5nYW1iYWtrYW0xEDAOBgNVBAoWB09keXNzZXkxCzAJBgNVBAsWAlFBMREwDwYDVQQDFghOZXdVc2VyMTEaMBgGCSqGSIb3DQEJARYLbnUxQG90bC5jb20wgZ8wDQYJKoZIhvcNAQEBBQADgY0AMIGJAoGBAMqYL4LL1JldQ1XlvApawQtq8H1eTVROkbx2yBvfoKQrDo/9rX3/nZTG1j2IT7MA4IEfvye3aHCpoHfpiLiTPzpHeB4Et4wvhJD5ojqSODDnfT7Uw4Rms6Q7+NrtHv88RxK/1iWmPWyf08ag5WPUPo5rL3UmNGVU3qAGsJ+4ga+PAgMBAAEwDQYJKoZIhvcNAQEFBQADgYEAnYl8VULljuAkTTCejce0MgYY9HnXHWoOYAB33x54Nveri1o9Ye2+iIex8eiUu4QIoXu7YBO2Ec0q092xq36rTK4yRXucgJIRz9iEj7K5OHC61sUXltxqt9dsWnnt+4SW7TLOySc8iyoUSbA459czoM6DOufSMt0+VC1Rmc4iENA=,True
214,asdfg,4D15A593E8E5987C5C37A4F7651966D5B3DEA2A7,,"","","","asdfg@otl.com",19/08/2021 12:41:21,17/08/2031 12:41:21,Active,19/08/2021 12:41:21, Snorkel Default ; Retail ; Test_SIB ;,QAB27,qab,,,,,,,,,,,,,,,MIIE5TCCAs2gAwIBAgIUTRWlk+jlmHxcN6T3ZRlm1bPeoqcwDQYJKoZIhvcNAQELBQAwaTEOMAwGA1UEAwwFQ2hhcnUxCzAJBgNVBAYTAklOMQswCQYDVQQIDAJUTjEeMBwGCSqGSIb3DQEJARYPY2hhcnVAZ21haWwuY29tMRAwDgYDVQQKDAdPZHlzc2V5MQswCQYDVQQLDAJRQTAeFw0yMTA4MTkwNzExMjFaFw0zMTA4MTcwNzExMjFaMG8xETAPBgNVBAMMCGNoYXJ1RW5kMQswCQYDVQQHDAJDSDELMAkGA1UECAwCVE4xEDAOBgNVBAoMB09EWVNTRVkxCzAJBgNVBAsMAlFBMSEwHwYJKoZIhvcNAQkBFhJjaGFydUVuZEBnbWFpbC5jb20wggEiMA0GCSqGSIb3DQEBAQUAA4IBDwAwggEKAoIBAQDikf6e1mpdc8Z4EWcIP6ym/DUT7w2JUSYcmFh4a2fRuMp9IP26JREpj/rh+A8/uFfSxQk5n2RHZXzcP74SxzXt7h3SouRjE8K96AFiRwiJc1jeyC3+q3kmLU868SUvNHFdIf69eLwSQHoI6yuzGdy5bGWIzZhcAx4WhYiZT01A8vNK8Nmqv1w/ovaZP5mx5mmq+8MQunHc7vIenKMnWV+aKmiFu9TtMaygjWz3Cr2Q3dmdsqEOQwDMJKAjGssP52mz20ZveIqd/OV3CQkfIvDFmM5BPEHryXqxv6B138Yve66y3C8wLTFScEghcY5PtmFzpj6fvuQIr//3BZrlC5lpAgMBAAGjfzB9MA8GA1UdEwEB/wQFMAMBAf8wCwYDVR0PBAQDAgWgMB0GA1UdJQQWMBQGCCsGAQUFBwMCBggrBgEFBQcDATAfBgNVHSMEGDAWgBSJri2DWYQguGtBgdJ/LiVGiREi2zAdBgNVHQ4EFgQUMwXNX2IPaw/hssSg/qRgQhF/rB4wDQYJKoZIhvcNAQELBQADggIBACnSJpAx9jQX0lDmj+3eSJpsTFqF8y4DJCvLrVPTo1oP8xRvndSeHho7Fd40W2iNNhTgffGgEkuTvAkBOxapSfqaXVdrdI6cyGbZbNv+4cmoT1PXMyeKlUs/2gNdZJTmW2NmgDpiLypRDcf62IPwsmGCZAeW2yENC7YdeehyJh3FO8i3QSImug4gWiiVCICWL36woUvi/yzq5VW1Z6r8BZOqKlP7P6JY7QtpBzu8rOVDC1QU+VejtIFwVUvYjkXlYpqUgn/wWtVXDoq+9PlNic/WoCcVZOfMNhBjm87VJ3vjrrlB0n6DPBx5IrrI1N4lEiha9W5KFGjNTlIp3bXPrkVLUP+seDzCskSeOE+xv0PIFN5Ic5dLttjPLUTCvR64nXaGk79KdmgOWi8dDbvTPV9Gtl0rJ9QtFI4cT47eurR3Wim+zEuPJsyef0w1Gwki6C6FfidJvEDBv0Y2vNmmTsxAZI08My5NocBhmkltjUScibUzOtRwX4iT0uN3fFRaFLg+HwgqrKkEkncESq1De1/T9zI+z1Njr1ufS51E50xCxGo5XCRjP3mqbnmag2djUID1/iQI0kG1UkIyie33rlkiD7TY+J3RvJHI0XkFIVif+rmiQUkjGm+DQCgkJoa8smeGTV7g8fREC/qMJ9tra45ihD+ckOU6l5LkKAIubimB,True
215,certuser,4D15A593E8E5987C5C37A4F7651966D5B3DEA2A7,,"","","","certuser@otl.com",19/08/2021 12:41:21,17/08/2031 12:41:21,Active,19/08/2021 12:41:21, Snorkel Default ;,certuser,odyssey,,,,,,,,,,,,,,,MIIE5TCCAs2gAwIBAgIUTRWlk+jlmHxcN6T3ZRlm1bPeoqcwDQYJKoZIhvcNAQELBQAwaTEOMAwGA1UEAwwFQ2hhcnUxCzAJBgNVBAYTAklOMQswCQYDVQQIDAJUTjEeMBwGCSqGSIb3DQEJARYPY2hhcnVAZ21haWwuY29tMRAwDgYDVQQKDAdPZHlzc2V5MQswCQYDVQQLDAJRQTAeFw0yMTA4MTkwNzExMjFaFw0zMTA4MTcwNzExMjFaMG8xETAPBgNVBAMMCGNoYXJ1RW5kMQswCQYDVQQHDAJDSDELMAkGA1UECAwCVE4xEDAOBgNVBAoMB09EWVNTRVkxCzAJBgNVBAsMAlFBMSEwHwYJKoZIhvcNAQkBFhJjaGFydUVuZEBnbWFpbC5jb20wggEiMA0GCSqGSIb3DQEBAQUAA4IBDwAwggEKAoIBAQDikf6e1mpdc8Z4EWcIP6ym/DUT7w2JUSYcmFh4a2fRuMp9IP26JREpj/rh+A8/uFfSxQk5n2RHZXzcP74SxzXt7h3SouRjE8K96AFiRwiJc1jeyC3+q3kmLU868SUvNHFdIf69eLwSQHoI6yuzGdy5bGWIzZhcAx4WhYiZT01A8vNK8Nmqv1w/ovaZP5mx5mmq+8MQunHc7vIenKMnWV+aKmiFu9TtMaygjWz3Cr2Q3dmdsqEOQwDMJKAjGssP52mz20ZveIqd/OV3CQkfIvDFmM5BPEHryXqxv6B138Yve66y3C8wLTFScEghcY5PtmFzpj6fvuQIr//3BZrlC5lpAgMBAAGjfzB9MA8GA1UdEwEB/wQFMAMBAf8wCwYDVR0PBAQDAgWgMB0GA1UdJQQWMBQGCCsGAQUFBwMCBggrBgEFBQcDATAfBgNVHSMEGDAWgBSJri2DWYQguGtBgdJ/LiVGiREi2zAdBgNVHQ4EFgQUMwXNX2IPaw/hssSg/qRgQhF/rB4wDQYJKoZIhvcNAQELBQADggIBACnSJpAx9jQX0lDmj+3eSJpsTFqF8y4DJCvLrVPTo1oP8xRvndSeHho7Fd40W2iNNhTgffGgEkuTvAkBOxapSfqaXVdrdI6cyGbZbNv+4cmoT1PXMyeKlUs/2gNdZJTmW2NmgDpiLypRDcf62IPwsmGCZAeW2yENC7YdeehyJh3FO8i3QSImug4gWiiVCICWL36woUvi/yzq5VW1Z6r8BZOqKlP7P6JY7QtpBzu8rOVDC1QU+VejtIFwVUvYjkXlYpqUgn/wWtVXDoq+9PlNic/WoCcVZOfMNhBjm87VJ3vjrrlB0n6DPBx5IrrI1N4lEiha9W5KFGjNTlIp3bXPrkVLUP+seDzCskSeOE+xv0PIFN5Ic5dLttjPLUTCvR64nXaGk79KdmgOWi8dDbvTPV9Gtl0rJ9QtFI4cT47eurR3Wim+zEuPJsyef0w1Gwki6C6FfidJvEDBv0Y2vNmmTsxAZI08My5NocBhmkltjUScibUzOtRwX4iT0uN3fFRaFLg+HwgqrKkEkncESq1De1/T9zI+z1Njr1ufS51E50xCxGo5XCRjP3mqbnmag2djUID1/iQI0kG1UkIyie33rlkiD7TY+J3RvJHI0XkFIVif+rmiQUkjGm+DQCgkJoa8smeGTV7g8fREC/qMJ9tra45ihD+ckOU6l5LkKAIubimB,True
216,cert,299584CFDA9DBE3FD7203A29E953132E3730BCB5,,"","","","cert@otl.com",19/08/2021 11:17:03,17/08/2031 11:17:03,Active,19/08/2021 11:17:03, Snorkel Default ; Retail ; Test_SIB ;,cert,odyssey,,,,,,,,,,,,,,,MIIE2zCCAsOgAwIBAgIUKZWEz9qdvj/XIDop6VMTLjcwvLUwDQYJKoZIhvcNAQELBQAwZzENMAsGA1UEAwwEQmFsYTELMAkGA1UEBhMCSU4xCzAJBgNVBAgMAlROMR0wGwYJKoZIhvcNAQkBFg5iYWxhQGdtYWlsLmNvbTEQMA4GA1UECgwHT2R5c3NleTELMAkGA1UECwwCUUEwHhcNMjEwODE5MDU0NzAzWhcNMzEwODE3MDU0NzAzWjBnMQ0wCwYDVQQDDARFbmR1MQswCQYDVQQHDAJDSDELMAkGA1UECAwCVE4xEDAOBgNVBAoMB09EWVNTRVkxCzAJBgNVBAsMAlFBMR0wGwYJKoZIhvcNAQkBFg5lbmR1QGdtYWlsLmNvbTCCASIwDQYJKoZIhvcNAQEBBQADggEPADCCAQoCggEBANEov1iMkkNhOREZ6qPOT9ApcRoV9drRJQhnNRrhEFvEdCnD2EK6o9Bs6OkzP0r1emaA2iFD2MWcUE6yzurrn+g8Xgcx8RX+2YLF1TOVt78neGN0lZ74QiAeTuz9FCK8a0sVljEiCbdh7Kaj7A7taWH4dfGpK2m45eycyQbdel6jf650AipSlUw/B8awwHpCVUbvpBhJYRh/GPLcNvd0nzEo38PVe4DPZj6idCK/dIsMAewNXegnX5j9RY163mVWiHurSg3DtruzYnDfb+bhcNXMaew7NaG6D4bv/cMju1Be3CzvWdPvL1ka6rrcKFksYKEM4gGJ9FU49IcskxFBvksCAwEAAaN/MH0wDwYDVR0TAQH/BAUwAwEB/zALBgNVHQ8EBAMCBaAwHQYDVR0lBBYwFAYIKwYBBQUHAwIGCCsGAQUFBwMBMB8GA1UdIwQYMBaAFMLvdk4A9gsV1QGp0GarzBWfloP9MB0GA1UdDgQWBBQBL1R2GaB+gDa4hGINbNITjrwAdzANBgkqhkiG9w0BAQsFAAOCAgEAW74VM35iJNMXfplREt63xRFaKSOpmSyIHhU/HktHlejfFtVTkfH9sBnDLpsUX17g+VX2i0liYa02dDCWV+fPgsfIAy2wJxgr68mvLHfSQHN3evZcf6cldm8vTDMXZ6m9s6fKxT6L4Z/mpAX6nxocRosPmfCH3PCx5A8hEfR8L71fLQLUbXXGjvnpBgS4q7ot6nCsZFnvXv+r7Ke7nm5fc2W6+9lNurzvrci8IW+igeQf2wta2ZC30OSDOZ6wY3z50I28OX5Wa04NtgaFBSMFJsHoFNTY7+kaS8USkci+YcAgcv2h/4SlsVlo1KM72QWQ1vDTOFKGePwmzmOJB8o7KmSrE5F/hUkUhlLop/jCsI4Qa2IC3zaGnuurtYOqT6MrPdR5sKXFu+mW+R8m9nwScM+PsFVkrj8lwwteCmcuwX6CLQ3MbNbJEZseUgmD6tnBlsu1XjyFUdfcL6uffou8fm7BAdRiB+P/7ojpx5bM06XX5OF7Tap2DTpGhQ6oxHGcyd/fJ4a10AwkF5OcTAp84nj8Wt5U5Sdy52qIA+SAcHuuf/DtcldePHs696jI213Nmy5xBLyxqIFqDiR9M/FiO07aKuIJW/7F6d6rP/Fle9PMp7jlUIVvJ9VjNZ+k936djc9bRAs1IY0tKbCyr58/sOS28fXjF9p5bt8iRKNRrzo=,True
217,testcert,29074E2A06,,"","","","eraAlerts@otl082.odysseytec.com",24/03/2022 11:32:26,23/03/2024 11:32:26,Active,24/03/2022 11:32:26, Snorkel Default ; Retail ; Test_SIB ;,testcert,odyssey,,,,,,,,,,,,,,,MIIDbDCCAlSgAwIBAgIFKQdOKgYwDQYJKoZIhvcNAQELBQAwKDEZMBcGA1UEAxMQQ0VSVFJJWCBIREZDIFVBVDELMAkGA1UEBhMCSU4wHhcNMjIwMzI0MDYwMjI2WhcNMjQwMzIzMDYwMjI2WjCBkDEUMBIGA1UEAxMLQ0ZDVUFUMzIwMjIxGjAYBgNVBAoTEUhERkMgQmFuayBMaW1pdGVkMQswCQYDVQQLEwJJVDEPMA0GA1UEBxMGTXVtYmFpMRQwEgYDVQQIEwtNYWhhcmFzaHRyYTELMAkGA1UEBhMCSU4xGzAZBgkqhkiG9w0BCQETDHRlc3RAb3RsLmNvbTCCASIwDQYJKoZIhvcNAQEBBQADggEPADCCAQoCggEBAMsl5/MUgv0LefZyJCiGjX1wZXYo1SEf+vWknMh2kTSYt/BYki+gy0FZRrA6F4pNQGZHlNQsGJxBGmVGtcuaKCVRYChTLTCiWkKH2Ne+nwfxKvsHt4iJEHFtgHeK9GvA++eKqJ6QSjpc0W2pr0Jt5dJQm3pfkw9IHz3yN10LcEyBsT1Nvaob6cSxRFpPQfsYHoyZOl7GIWxZNH8kjy4G4BQgdVPbYQtgfzoe1rPazEG/8n42RuugabRaDjhsDxyIdBuUlzzb1YEfY3xXNkG0QOXjKjWMqaf6SAGkOi0wxLjQBrffpo0/fo+HsPbVPeFsRDVvaEGi4DMFahgt29QwlW8CAwEAAaM0MDIwDgYDVR0PAQEABAQDAgXgMCAGA1UdJQEBAAQWMBQGCCsGAQUFBwMBBggrBgEFBQcDAjANBgkqhkiG9w0BAQsFAAOCAQEAIC/7hLFrGLXH9/PKVJupp/tN8sRFw+WbFULU5JPl0Bw3xvIJBWlkDO71QXBhHquSkY7rU6bHLQmGICaxK4G5i3FnyGmEl4tUZPLA6t81dxUmaQ+ZxxBQdFtzUxD2Z0/KmAHp2epqDOI3hoOOi2yUx/4V8ZnQcHiIk1MARz7445muTWvtbf9UDppuvv0t1gEbpI/yI4QPa7bj7SjqgfYylfu34pwN9ruxEOUAu1Rfne3cdO3m7pEwZkFHyYtt1Am3WNS38mx9Jp7NtO6fz7irsol1NpQwyG2DWIxvzOp9X0lN6ssZqeg2jp5X6h7nDxViAlJ5yXL5wOwM4yH1LZif/g==,True
218,testcertregnow,34567890,,"","","","snorkel@ot082.odysseytec.com",10/06/2020 17:48:19,07/03/2023 17:48:19,Active,10/06/2020 17:48:19, Snorkel Default ; Retail ; Test_SIB ;,testcertregnow,odyssey,,,,,,,,,,,,,,,MIICVDCCAb2gAwIBAgIENFZ4kDANBgkqhkiG9w0BAQUFADBUMQswCQYDVQQGFgJJTjELMAkGA1UECBYCVE4xEzARBgNVBAoWClNlY3VyZUJhbmsxCzAJBgNVBAsWAklUMRYwFAYDVQQDFg1TZWN1cmVCYW5rIENBMB4XDTIwMDYxMDEyMTgxOVoXDTIzMDMwNzEyMTgxOVowgYgxCzAJBgNVBAYWAklOMRIwEAYDVQQIFglUYW1pbG5hZHUxEDAOBgNVBAcWB0NoZW5uYWkxEDAOBgNVBAoWB09keXNzZXkxHDAaBgNVBAMWE05ldyBBZG1pbmlzdHJhdG9yIDExIzAhBgkqhkiG9w0BCQEWFGFkbWluQG9keXNzZXl0ZWMuY29tMIGfMA0GCSqGSIb3DQEBAQUAA4GNADCBiQKBgQC6YzczQuMd0HFnoYIpm1A6ly77NJ4rwNEC/7u/PcIx/39aZbpJpf54NHRoQEC1PExcrTfcSNQAtflPO+a9KB2NGoayeYO5Xp086HHPX6gAKKouO9sbYWpPkPHXh9M7WA8K095+lu8m7nSlQx6snjPJolt4CPIFpeKmgeo0NwmJNwIDAQABMA0GCSqGSIb3DQEBBQUAA4GBAJiojQcFY5qFtD+nNwB5KKxkrkffRZojw4L78Liw7pbKsc7ZqbHwaSG/yEp+3UYEza8Fd4jGrh/r6bqGudcqwYm1dCBmALUhp6WD8ArE/bkGEryVEbUXkVSlAnReCPua9UmsrrTfFgnCqlUTJ+LnxBHtlrU0FDhCdgNA5GHX+PC1,True
219,usercert,29074E2A06,,"","","","usercert@otl.com",24/03/2022 11:32:26,23/03/2024 11:32:26,Active,24/03/2022 11:32:26, Snorkel Default ; Retail ; Test_SIB ;,usercert,odyssey,,,,,,,,,,,,,,,MIIDbDCCAlSgAwIBAgIFKQdOKgYwDQYJKoZIhvcNAQELBQAwKDEZMBcGA1UEAxMQQ0VSVFJJWCBIREZDIFVBVDELMAkGA1UEBhMCSU4wHhcNMjIwMzI0MDYwMjI2WhcNMjQwMzIzMDYwMjI2WjCBkDEUMBIGA1UEAxMLQ0ZDVUFUMzIwMjIxGjAYBgNVBAoTEUhERkMgQmFuayBMaW1pdGVkMQswCQYDVQQLEwJJVDEPMA0GA1UEBxMGTXVtYmFpMRQwEgYDVQQIEwtNYWhhcmFzaHRyYTELMAkGA1UEBhMCSU4xGzAZBgkqhkiG9w0BCQETDHRlc3RAb3RsLmNvbTCCASIwDQYJKoZIhvcNAQEBBQADggEPADCCAQoCggEBAMsl5/MUgv0LefZyJCiGjX1wZXYo1SEf+vWknMh2kTSYt/BYki+gy0FZRrA6F4pNQGZHlNQsGJxBGmVGtcuaKCVRYChTLTCiWkKH2Ne+nwfxKvsHt4iJEHFtgHeK9GvA++eKqJ6QSjpc0W2pr0Jt5dJQm3pfkw9IHz3yN10LcEyBsT1Nvaob6cSxRFpPQfsYHoyZOl7GIWxZNH8kjy4G4BQgdVPbYQtgfzoe1rPazEG/8n42RuugabRaDjhsDxyIdBuUlzzb1YEfY3xXNkG0QOXjKjWMqaf6SAGkOi0wxLjQBrffpo0/fo+HsPbVPeFsRDVvaEGi4DMFahgt29QwlW8CAwEAAaM0MDIwDgYDVR0PAQEABAQDAgXgMCAGA1UdJQEBAAQWMBQGCCsGAQUFBwMBBggrBgEFBQcDAjANBgkqhkiG9w0BAQsFAAOCAQEAIC/7hLFrGLXH9/PKVJupp/tN8sRFw+WbFULU5JPl0Bw3xvIJBWlkDO71QXBhHquSkY7rU6bHLQmGICaxK4G5i3FnyGmEl4tUZPLA6t81dxUmaQ+ZxxBQdFtzUxD2Z0/KmAHp2epqDOI3hoOOi2yUx/4V8ZnQcHiIk1MARz7445muTWvtbf9UDppuvv0t1gEbpI/yI4QPa7bj7SjqgfYylfu34pwN9ruxEOUAu1Rfne3cdO3m7pEwZkFHyYtt1Am3WNS38mx9Jp7NtO6fz7irsol1NpQwyG2DWIxvzOp9X0lN6ssZqeg2jp5X6h7nDxViAlJ5yXL5wOwM4yH1LZif/g==,True
220,newuser123,11223344,,"","","","user@gmail.com",15/07/2014 14:28:59,12/07/2024 14:28:59,Active,15/07/2014 14:28:59, Snorkel Default ; Retail ; Test_SIB ;,mlp,odyssey,,,,,,,,,,,,,,,MIICSjCCAbOgAwIBAgIEESIzRDANBgkqhkiG9w0BAQUFADBUMQswCQYDVQQGFgJJTjELMAkGA1UECBYCVE4xEzARBgNVBAoWClNlY3VyZUJhbmsxCzAJBgNVBAsWAklUMRYwFAYDVQQDFg1TZWN1cmVCYW5rIENBMB4XDTE0MDcxNTA4NTg1OVoXDTI0MDcxMjA4NTg1OVowfzELMAkGA1UEBhYCSU4xCzAJBgNVBAgWAlROMRUwEwYDVQQHFgxOdW5nYW1iYWtrYW0xEDAOBgNVBAoWB09keXNzZXkxCzAJBgNVBAsWAlFBMREwDwYDVQQDFghOZXdVc2VyMTEaMBgGCSqGSIb3DQEJARYLbnUxQG90bC5jb20wgZ8wDQYJKoZIhvcNAQEBBQADgY0AMIGJAoGBAMqYL4LL1JldQ1XlvApawQtq8H1eTVROkbx2yBvfoKQrDo/9rX3/nZTG1j2IT7MA4IEfvye3aHCpoHfpiLiTPzpHeB4Et4wvhJD5ojqSODDnfT7Uw4Rms6Q7+NrtHv88RxK/1iWmPWyf08ag5WPUPo5rL3UmNGVU3qAGsJ+4ga+PAgMBAAEwDQYJKoZIhvcNAQEFBQADgYEAnYl8VULljuAkTTCejce0MgYY9HnXHWoOYAB33x54Nveri1o9Ye2+iIex8eiUu4QIoXu7YBO2Ec0q092xq36rTK4yRXucgJIRz9iEj7K5OHC61sUXltxqt9dsWnnt+4SW7TLOySc8iyoUSbA459czoM6DOufSMt0+VC1Rmc4iENA=,True
221,usercert1,008129BB8270B6,,"","","","usercert1@otl.com",28/06/2022 18:12:42,16/10/2031 09:03:18,Suspended,28/06/2022 18:12:42, Snorkel Default ; Retail ; Test_SIB ;,usercert1,odyssey,,,,,,,,,,,,,,,MIIEIzCCAwugAwIBAgIHAIEpu4JwtjANBgkqhkiG9w0BAQsFADBVMQswCQYDVQQGEwJJTjElMCMGA1UEChMcT2R5c3NleSBUZWNobm9sb2dpZXMgTGltaXRlZDELMAkGA1UECxMCUUExEjAQBgNVBAMTCU9keXNzZXlDQTAeFw0yMjA2MjgxMjQyNDJaFw0zMTEwMTYwMzMzMThaMD8xEjAQBgNVBAgTCVRhbWlsTmFkdTELMAkGA1UEBhMCSU4xDDAKBgNVBAoTA09UTDEOMAwGA1UEAxMFSm9rZXIwggEiMA0GCSqGSIb3DQEBAQUAA4IBDwAwggEKAoIBAQCpF1hKorq2iGbcjNNb4wmKvoDKbKWuC54b48CYLTZx5rbqQ74rWFj0Ab7YBmZUVlyzdkZUna+pLJ4LgxvjG0yeB3O4UkerB/sFT/J8g8/ijdzPtLlG/G+hTRdwEJhgqjB0fLkWvKHx4fsquR7eYRm/bSBBuDkO8JeWlIS1paK5CEQ5u2JXBTctiIMCuZdIP2eOif3FPGNixT8DPxmprao6sn5Lsf6zJT2qyIlRo/cybkNH0Iumxi4+zqv12jOniePoW3tBvyECchxK4CR3le2cltkyhyCTUheo3UggitJh69uqTOVzm2qvB477ECpPuSFG36yHFKYwnm0H0jeNyUcjAgMBAAGjggEMMIIBCDATBgNVHSMEDDAKgAhCCNwjNBW/BzARBgNVHQ4ECgQIQxtbr8WBIi8wPgYIKwYBBQUHAQEEMjAwMC4GCCsGAQUFBzAChiJodHRwczovL29keXNzZXl0ZWMuY28uaW4vb2R5c3NleUNBMDgGA1UdHwQxMC8wLaAroCmGJ2h0dHBzOi8vMTkyLjE2OC4xLjEwNi9DUkwvT2R5c3NleUNBLmNybDATBgNVHSAEDDAKMAgGBmCCZGQKATAJBgNVHRMEAjAAMB0GA1UdJQQWMBQGCCsGAQUFBwMBBggrBgEFBQcDAjAYBgNVHREEETAPgQ1qb2tlckBwb3AuY29tMAsGA1UdDwQEAwIF4DANBgkqhkiG9w0BAQsFAAOCAQEAL9XvKKfEnbu+abISMQHwCtDMoHtj+e62OMLbCfGiMN1bOxZSSvfDy7dPym5Sr/5Pd8lugLkAGonTCqne39p7B0qZMo6TfkoHhj2SvWNwS6a9wy6PT7P9A3wtyoSwRt+CDembKB3Ou/ogFvI7kk5KZYh4n69pegwaxVWhEpHcdMEguTlsqlD68xmFdNWypH0kn8evHAJ78ew6YgjXsQ9f6hNDrLnwpWV6U0gIhQr/pRJmKj4nDUEs2azbgjry0O67AASeywLp6nUdCMgh7eE4z50GFI6oqGrLfbIekawU34q9kIFBy214QcRg05lrt2FB+oaypqlzlwRKKODNvJLcHQ==,True
222,usercert2,0090A42337CF1E,,"","","","usercet2@otl.com",30/06/2022 17:29:06,16/10/2031 09:03:18,Active,30/06/2022 17:29:06, Snorkel Default ; Retail ; Test_SIB ;,usercert2,odyssey,,,,,,,,,,,,,,,MIIEKzCCAxOgAwIBAgIHAJCkIzfPHjANBgkqhkiG9w0BAQsFADBVMQswCQYDVQQGEwJJTjElMCMGA1UEChMcT2R5c3NleSBUZWNobm9sb2dpZXMgTGltaXRlZDELMAkGA1UECxMCUUExEjAQBgNVBAMTCU9keXNzZXlDQTAeFw0yMjA2MzAxMTU5MDZaFw0zMTEwMTYwMzMzMThaMEMxEjAQBgNVBAgTCVRhbWlsTmFkdTELMAkGA1UEBhMCSU4xDDAKBgNVBAoTA09UTDESMBAGA1UEAxMJYmxvb21iZXJnMIIBIjANBgkqhkiG9w0BAQEFAAOCAQ8AMIIBCgKCAQEA0rao6bhshCHwsi/GpjPdlVPCU8S5glOzgSEqJxwOgEL4+6BQygHiG+1TBOH6Q9qzX91RSYSLFrwSWiuiiLYyVFf1P1PtJXpC7twCjbXNq1iXbsoFg6WIqreWJZU7hv1mdQqiK/Z1ZGpGIL/rvrEksCkzLymr5YJt4uPdk7bW0bIGNj8wmyKx36VOwH6aoT2I0aH/hU3VUIPeD7eBDIgYegATyyWz8HFuHHLrbhosjhmSoD2GPc4Xhup5mdyV/bFhCd4AAMdtSpmNmYrsM8iG9ihExsGdInVU5sCHqUA1D8f9D0ruLxVM8+Ap3SZip02dHu2Bgeld/E1HT/mvNskTcQIDAQABo4IBEDCCAQwwEwYDVR0jBAwwCoAIQgjcIzQVvwcwEQYDVR0OBAoECEBt3xTZaLNYMD4GCCsGAQUFBwEBBDIwMDAuBggrBgEFBQcwAoYiaHR0cHM6Ly9vZHlzc2V5dGVjLmNvLmluL29keXNzZXlDQTA4BgNVHR8EMTAvMC2gK6AphidodHRwczovLzE5Mi4xNjguMS4xMDYvQ1JML09keXNzZXlDQS5jcmwwEwYDVR0gBAwwCjAIBgZggmRkCgEwCQYDVR0TBAIwADAdBgNVHSUEFjAUBggrBgEFBQcDAQYIKwYBBQUHAwIwHAYDVR0RBBUwE4ERYmxvb21iZXJnQG90bC5jb20wCwYDVR0PBAQDAgXgMA0GCSqGSIb3DQEBCwUAA4IBAQCd4bUTTPcwMpx1A5lSknT6cUpMPH6yEyi/7KYGj//YE2wDHvvNa1gifFolq7c1Worqs0OY62haYDyff07sJ9nqxCYGutUqwfwcWTQIIG/tYTnDLHA6lcZjmVItKyYkSNuzA0Y+AOVepKcHSWJM1vNcx7iPzgNPCDX+3tBn8phhkNknWogS+PYbtfD+mRDlWPQZRoxNB0/QUxLzqy+avrRxq27U9zMJwmHCeeEP0SHf5Zzr7Xt0pG8URzZIQZ+rNMVyBFx2roHLpzl5UPwYZQwD+Y9Yl8sFHAOZIT5kFTIoF3bo3ZH/K0R0ahweFvW89fDWJQhFwrxGul9Fa/E2r0rO,True
223,jai,11223344,,"","","","jai@gmail.com",15/07/2014 14:28:59,12/07/2024 14:28:59,Active,15/07/2014 14:28:59, Snorkel Default ; Retail ;,js,odyssey,,,,,,,,,,,,,,,MIICSjCCAbOgAwIBAgIEESIzRDANBgkqhkiG9w0BAQUFADBUMQswCQYDVQQGFgJJTjELMAkGA1UECBYCVE4xEzARBgNVBAoWClNlY3VyZUJhbmsxCzAJBgNVBAsWAklUMRYwFAYDVQQDFg1TZWN1cmVCYW5rIENBMB4XDTE0MDcxNTA4NTg1OVoXDTI0MDcxMjA4NTg1OVowfzELMAkGA1UEBhYCSU4xCzAJBgNVBAgWAlROMRUwEwYDVQQHFgxOdW5nYW1iYWtrYW0xEDAOBgNVBAoWB09keXNzZXkxCzAJBgNVBAsWAlFBMREwDwYDVQQDFghOZXdVc2VyMTEaMBgGCSqGSIb3DQEJARYLbnUxQG90bC5jb20wgZ8wDQYJKoZIhvcNAQEBBQADgY0AMIGJAoGBAMqYL4LL1JldQ1XlvApawQtq8H1eTVROkbx2yBvfoKQrDo/9rX3/nZTG1j2IT7MA4IEfvye3aHCpoHfpiLiTPzpHeB4Et4wvhJD5ojqSODDnfT7Uw4Rms6Q7+NrtHv88RxK/1iWmPWyf08ag5WPUPo5rL3UmNGVU3qAGsJ+4ga+PAgMBAAEwDQYJKoZIhvcNAQEFBQADgYEAnYl8VULljuAkTTCejce0MgYY9HnXHWoOYAB33x54Nveri1o9Ye2+iIex8eiUu4QIoXu7YBO2Ec0q092xq36rTK4yRXucgJIRz9iEj7K5OHC61sUXltxqt9dsWnnt+4SW7TLOySc8iyoUSbA459czoM6DOufSMt0+VC1Rmc4iENA=,True
224,rincy,11223344,,"","","","rincymadonnajc@gmail.com",15/07/2014 14:28:59,12/07/2024 14:28:59,Active,15/07/2014 14:28:59, Snorkel Default ; Retail ;,rm,rincy@123,,,,,,,,,,,,,,,MIICSjCCAbOgAwIBAgIEESIzRDANBgkqhkiG9w0BAQUFADBUMQswCQYDVQQGFgJJTjELMAkGA1UECBYCVE4xEzARBgNVBAoWClNlY3VyZUJhbmsxCzAJBgNVBAsWAklUMRYwFAYDVQQDFg1TZWN1cmVCYW5rIENBMB4XDTE0MDcxNTA4NTg1OVoXDTI0MDcxMjA4NTg1OVowfzELMAkGA1UEBhYCSU4xCzAJBgNVBAgWAlROMRUwEwYDVQQHFgxOdW5nYW1iYWtrYW0xEDAOBgNVBAoWB09keXNzZXkxCzAJBgNVBAsWAlFBMREwDwYDVQQDFghOZXdVc2VyMTEaMBgGCSqGSIb3DQEJARYLbnUxQG90bC5jb20wgZ8wDQYJKoZIhvcNAQEBBQADgY0AMIGJAoGBAMqYL4LL1JldQ1XlvApawQtq8H1eTVROkbx2yBvfoKQrDo/9rX3/nZTG1j2IT7MA4IEfvye3aHCpoHfpiLiTPzpHeB4Et4wvhJD5ojqSODDnfT7Uw4Rms6Q7+NrtHv88RxK/1iWmPWyf08ag5WPUPo5rL3UmNGVU3qAGsJ+4ga+PAgMBAAEwDQYJKoZIhvcNAQEFBQADgYEAnYl8VULljuAkTTCejce0MgYY9HnXHWoOYAB33x54Nveri1o9Ye2+iIex8eiUu4QIoXu7YBO2Ec0q092xq36rTK4yRXucgJIRz9iEj7K5OHC61sUXltxqt9dsWnnt+4SW7TLOySc8iyoUSbA459czoM6DOufSMt0+VC1Rmc4iENA=,True
225,jothika,34567890,,"","","","joe@gmail.com",10/06/2020 17:48:19,07/03/2023 17:48:19,Active,10/06/2020 17:48:19, Snorkel Default ; Retail ;,Joe,odyssey,,,,,,,,,,,,,,,MIICVDCCAb2gAwIBAgIENFZ4kDANBgkqhkiG9w0BAQUFADBUMQswCQYDVQQGFgJJTjELMAkGA1UECBYCVE4xEzARBgNVBAoWClNlY3VyZUJhbmsxCzAJBgNVBAsWAklUMRYwFAYDVQQDFg1TZWN1cmVCYW5rIENBMB4XDTIwMDYxMDEyMTgxOVoXDTIzMDMwNzEyMTgxOVowgYgxCzAJBgNVBAYWAklOMRIwEAYDVQQIFglUYW1pbG5hZHUxEDAOBgNVBAcWB0NoZW5uYWkxEDAOBgNVBAoWB09keXNzZXkxHDAaBgNVBAMWE05ldyBBZG1pbmlzdHJhdG9yIDExIzAhBgkqhkiG9w0BCQEWFGFkbWluQG9keXNzZXl0ZWMuY29tMIGfMA0GCSqGSIb3DQEBAQUAA4GNADCBiQKBgQC6YzczQuMd0HFnoYIpm1A6ly77NJ4rwNEC/7u/PcIx/39aZbpJpf54NHRoQEC1PExcrTfcSNQAtflPO+a9KB2NGoayeYO5Xp086HHPX6gAKKouO9sbYWpPkPHXh9M7WA8K095+lu8m7nSlQx6snjPJolt4CPIFpeKmgeo0NwmJNwIDAQABMA0GCSqGSIb3DQEBBQUAA4GBAJiojQcFY5qFtD+nNwB5KKxkrkffRZojw4L78Liw7pbKsc7ZqbHwaSG/yEp+3UYEza8Fd4jGrh/r6bqGudcqwYm1dCBmALUhp6WD8ArE/bkGEryVEbUXkVSlAnReCPua9UmsrrTfFgnCqlUTJ+LnxBHtlrU0FDhCdgNA5GHX+PC1,True
226,meee,11223344,,"","","","mailtoramyariya@gmail.com",15/07/2014 14:28:59,12/07/2024 14:28:59,Active,15/07/2014 14:28:59, Snorkel Default ; Retail ;,Ramya,ramya123,,,,,,,,,,,,,,,MIICSjCCAbOgAwIBAgIEESIzRDANBgkqhkiG9w0BAQUFADBUMQswCQYDVQQGFgJJTjELMAkGA1UECBYCVE4xEzARBgNVBAoWClNlY3VyZUJhbmsxCzAJBgNVBAsWAklUMRYwFAYDVQQDFg1TZWN1cmVCYW5rIENBMB4XDTE0MDcxNTA4NTg1OVoXDTI0MDcxMjA4NTg1OVowfzELMAkGA1UEBhYCSU4xCzAJBgNVBAgWAlROMRUwEwYDVQQHFgxOdW5nYW1iYWtrYW0xEDAOBgNVBAoWB09keXNzZXkxCzAJBgNVBAsWAlFBMREwDwYDVQQDFghOZXdVc2VyMTEaMBgGCSqGSIb3DQEJARYLbnUxQG90bC5jb20wgZ8wDQYJKoZIhvcNAQEBBQADgY0AMIGJAoGBAMqYL4LL1JldQ1XlvApawQtq8H1eTVROkbx2yBvfoKQrDo/9rX3/nZTG1j2IT7MA4IEfvye3aHCpoHfpiLiTPzpHeB4Et4wvhJD5ojqSODDnfT7Uw4Rms6Q7+NrtHv88RxK/1iWmPWyf08ag5WPUPo5rL3UmNGVU3qAGsJ+4ga+PAgMBAAEwDQYJKoZIhvcNAQEFBQADgYEAnYl8VULljuAkTTCejce0MgYY9HnXHWoOYAB33x54Nveri1o9Ye2+iIex8eiUu4QIoXu7YBO2Ec0q092xq36rTK4yRXucgJIRz9iEj7K5OHC61sUXltxqt9dsWnnt+4SW7TLOySc8iyoUSbA459czoM6DOufSMt0+VC1Rmc4iENA=,True
227,Jim,34567890,,"","","","xyz@gmail.com",10/06/2020 17:48:19,07/03/2023 17:48:19,Active,10/06/2020 17:48:19, Snorkel Default ; Retail ;,Lock,S123$,,,,,,,,,,,,,,,MIICVDCCAb2gAwIBAgIENFZ4kDANBgkqhkiG9w0BAQUFADBUMQswCQYDVQQGFgJJTjELMAkGA1UECBYCVE4xEzARBgNVBAoWClNlY3VyZUJhbmsxCzAJBgNVBAsWAklUMRYwFAYDVQQDFg1TZWN1cmVCYW5rIENBMB4XDTIwMDYxMDEyMTgxOVoXDTIzMDMwNzEyMTgxOVowgYgxCzAJBgNVBAYWAklOMRIwEAYDVQQIFglUYW1pbG5hZHUxEDAOBgNVBAcWB0NoZW5uYWkxEDAOBgNVBAoWB09keXNzZXkxHDAaBgNVBAMWE05ldyBBZG1pbmlzdHJhdG9yIDExIzAhBgkqhkiG9w0BCQEWFGFkbWluQG9keXNzZXl0ZWMuY29tMIGfMA0GCSqGSIb3DQEBAQUAA4GNADCBiQKBgQC6YzczQuMd0HFnoYIpm1A6ly77NJ4rwNEC/7u/PcIx/39aZbpJpf54NHRoQEC1PExcrTfcSNQAtflPO+a9KB2NGoayeYO5Xp086HHPX6gAKKouO9sbYWpPkPHXh9M7WA8K095+lu8m7nSlQx6snjPJolt4CPIFpeKmgeo0NwmJNwIDAQABMA0GCSqGSIb3DQEBBQUAA4GBAJiojQcFY5qFtD+nNwB5KKxkrkffRZojw4L78Liw7pbKsc7ZqbHwaSG/yEp+3UYEza8Fd4jGrh/r6bqGudcqwYm1dCBmALUhp6WD8ArE/bkGEryVEbUXkVSlAnReCPua9UmsrrTfFgnCqlUTJ+LnxBHtlrU0FDhCdgNA5GHX+PC1,True
228,a,11223344,,"","","","o@gmail.com",15/07/2014 14:28:59,12/07/2024 14:28:59,Active,15/07/2014 14:28:59, Snorkel Default ; Retail ; Test_SIB ;,mlp123,odyssey,,,,,,,,,,,,,,,MIICSjCCAbOgAwIBAgIEESIzRDANBgkqhkiG9w0BAQUFADBUMQswCQYDVQQGFgJJTjELMAkGA1UECBYCVE4xEzARBgNVBAoWClNlY3VyZUJhbmsxCzAJBgNVBAsWAklUMRYwFAYDVQQDFg1TZWN1cmVCYW5rIENBMB4XDTE0MDcxNTA4NTg1OVoXDTI0MDcxMjA4NTg1OVowfzELMAkGA1UEBhYCSU4xCzAJBgNVBAgWAlROMRUwEwYDVQQHFgxOdW5nYW1iYWtrYW0xEDAOBgNVBAoWB09keXNzZXkxCzAJBgNVBAsWAlFBMREwDwYDVQQDFghOZXdVc2VyMTEaMBgGCSqGSIb3DQEJARYLbnUxQG90bC5jb20wgZ8wDQYJKoZIhvcNAQEBBQADgY0AMIGJAoGBAMqYL4LL1JldQ1XlvApawQtq8H1eTVROkbx2yBvfoKQrDo/9rX3/nZTG1j2IT7MA4IEfvye3aHCpoHfpiLiTPzpHeB4Et4wvhJD5ojqSODDnfT7Uw4Rms6Q7+NrtHv88RxK/1iWmPWyf08ag5WPUPo5rL3UmNGVU3qAGsJ+4ga+PAgMBAAEwDQYJKoZIhvcNAQEFBQADgYEAnYl8VULljuAkTTCejce0MgYY9HnXHWoOYAB33x54Nveri1o9Ye2+iIex8eiUu4QIoXu7YBO2Ec0q092xq36rTK4yRXucgJIRz9iEj7K5OHC61sUXltxqt9dsWnnt+4SW7TLOySc8iyoUSbA459czoM6DOufSMt0+VC1Rmc4iENA=,True
229,nkop,11223344,,"","","","a@gmail.com",15/07/2014 14:28:59,12/07/2024 14:28:59,Active,15/07/2014 14:28:59, Snorkel Default ; Retail ; Test_SIB ;,nkop,odyssey,,,,,,,,,,,,,,,MIICSjCCAbOgAwIBAgIEESIzRDANBgkqhkiG9w0BAQUFADBUMQswCQYDVQQGFgJJTjELMAkGA1UECBYCVE4xEzARBgNVBAoWClNlY3VyZUJhbmsxCzAJBgNVBAsWAklUMRYwFAYDVQQDFg1TZWN1cmVCYW5rIENBMB4XDTE0MDcxNTA4NTg1OVoXDTI0MDcxMjA4NTg1OVowfzELMAkGA1UEBhYCSU4xCzAJBgNVBAgWAlROMRUwEwYDVQQHFgxOdW5nYW1iYWtrYW0xEDAOBgNVBAoWB09keXNzZXkxCzAJBgNVBAsWAlFBMREwDwYDVQQDFghOZXdVc2VyMTEaMBgGCSqGSIb3DQEJARYLbnUxQG90bC5jb20wgZ8wDQYJKoZIhvcNAQEBBQADgY0AMIGJAoGBAMqYL4LL1JldQ1XlvApawQtq8H1eTVROkbx2yBvfoKQrDo/9rX3/nZTG1j2IT7MA4IEfvye3aHCpoHfpiLiTPzpHeB4Et4wvhJD5ojqSODDnfT7Uw4Rms6Q7+NrtHv88RxK/1iWmPWyf08ag5WPUPo5rL3UmNGVU3qAGsJ+4ga+PAgMBAAEwDQYJKoZIhvcNAQEFBQADgYEAnYl8VULljuAkTTCejce0MgYY9HnXHWoOYAB33x54Nveri1o9Ye2+iIex8eiUu4QIoXu7YBO2Ec0q092xq36rTK4yRXucgJIRz9iEj7K5OHC61sUXltxqt9dsWnnt+4SW7TLOySc8iyoUSbA459czoM6DOufSMt0+VC1Rmc4iENA=,True
230,qw,11223344,,"","","","m@gmail.com",15/07/2014 14:28:59,12/07/2024 14:28:59,Active,15/07/2014 14:28:59, Snorkel Default ; Retail ; Test_SIB ; Test ;,,,,,,,,,nmlp,odyssey,,,,,,,MIICSjCCAbOgAwIBAgIEESIzRDANBgkqhkiG9w0BAQUFADBUMQswCQYDVQQGFgJJTjELMAkGA1UECBYCVE4xEzARBgNVBAoWClNlY3VyZUJhbmsxCzAJBgNVBAsWAklUMRYwFAYDVQQDFg1TZWN1cmVCYW5rIENBMB4XDTE0MDcxNTA4NTg1OVoXDTI0MDcxMjA4NTg1OVowfzELMAkGA1UEBhYCSU4xCzAJBgNVBAgWAlROMRUwEwYDVQQHFgxOdW5nYW1iYWtrYW0xEDAOBgNVBAoWB09keXNzZXkxCzAJBgNVBAsWAlFBMREwDwYDVQQDFghOZXdVc2VyMTEaMBgGCSqGSIb3DQEJARYLbnUxQG90bC5jb20wgZ8wDQYJKoZIhvcNAQEBBQADgY0AMIGJAoGBAMqYL4LL1JldQ1XlvApawQtq8H1eTVROkbx2yBvfoKQrDo/9rX3/nZTG1j2IT7MA4IEfvye3aHCpoHfpiLiTPzpHeB4Et4wvhJD5ojqSODDnfT7Uw4Rms6Q7+NrtHv88RxK/1iWmPWyf08ag5WPUPo5rL3UmNGVU3qAGsJ+4ga+PAgMBAAEwDQYJKoZIhvcNAQEFBQADgYEAnYl8VULljuAkTTCejce0MgYY9HnXHWoOYAB33x54Nveri1o9Ye2+iIex8eiUu4QIoXu7YBO2Ec0q092xq36rTK4yRXucgJIRz9iEj7K5OHC61sUXltxqt9dsWnnt+4SW7TLOySc8iyoUSbA459czoM6DOufSMt0+VC1Rmc4iENA=,True
231,jai,11223344,,"","","","jai@gmail.com",15/07/2014 14:28:59,12/07/2024 14:28:59,Active,15/07/2014 14:28:59, Snorkel Default ; Retail ; Test_SIB ; Test ; Moontest ; Pinecone ; group ;,,,,,,,,,,,jsj,odyssey,,,,,MIICSjCCAbOgAwIBAgIEESIzRDANBgkqhkiG9w0BAQUFADBUMQswCQYDVQQGFgJJTjELMAkGA1UECBYCVE4xEzARBgNVBAoWClNlY3VyZUJhbmsxCzAJBgNVBAsWAklUMRYwFAYDVQQDFg1TZWN1cmVCYW5rIENBMB4XDTE0MDcxNTA4NTg1OVoXDTI0MDcxMjA4NTg1OVowfzELMAkGA1UEBhYCSU4xCzAJBgNVBAgWAlROMRUwEwYDVQQHFgxOdW5nYW1iYWtrYW0xEDAOBgNVBAoWB09keXNzZXkxCzAJBgNVBAsWAlFBMREwDwYDVQQDFghOZXdVc2VyMTEaMBgGCSqGSIb3DQEJARYLbnUxQG90bC5jb20wgZ8wDQYJKoZIhvcNAQEBBQADgY0AMIGJAoGBAMqYL4LL1JldQ1XlvApawQtq8H1eTVROkbx2yBvfoKQrDo/9rX3/nZTG1j2IT7MA4IEfvye3aHCpoHfpiLiTPzpHeB4Et4wvhJD5ojqSODDnfT7Uw4Rms6Q7+NrtHv88RxK/1iWmPWyf08ag5WPUPo5rL3UmNGVU3qAGsJ+4ga+PAgMBAAEwDQYJKoZIhvcNAQEFBQADgYEAnYl8VULljuAkTTCejce0MgYY9HnXHWoOYAB33x54Nveri1o9Ye2+iIex8eiUu4QIoXu7YBO2Ec0q092xq36rTK4yRXucgJIRz9iEj7K5OHC61sUXltxqt9dsWnnt+4SW7TLOySc8iyoUSbA459czoM6DOufSMt0+VC1Rmc4iENA=,True
232,Jaya,11223344,,"","","","jaya@gmail.com",15/07/2014 14:28:59,12/07/2024 14:28:59,Active,15/07/2014 14:28:59, Snorkel Default ; Retail ; Test_SIB ; Test ; Moontest ; Pinecone ; group ;,,,,,,,,,,,jaya,jaya@123,,,,,MIICSjCCAbOgAwIBAgIEESIzRDANBgkqhkiG9w0BAQUFADBUMQswCQYDVQQGFgJJTjELMAkGA1UECBYCVE4xEzARBgNVBAoWClNlY3VyZUJhbmsxCzAJBgNVBAsWAklUMRYwFAYDVQQDFg1TZWN1cmVCYW5rIENBMB4XDTE0MDcxNTA4NTg1OVoXDTI0MDcxMjA4NTg1OVowfzELMAkGA1UEBhYCSU4xCzAJBgNVBAgWAlROMRUwEwYDVQQHFgxOdW5nYW1iYWtrYW0xEDAOBgNVBAoWB09keXNzZXkxCzAJBgNVBAsWAlFBMREwDwYDVQQDFghOZXdVc2VyMTEaMBgGCSqGSIb3DQEJARYLbnUxQG90bC5jb20wgZ8wDQYJKoZIhvcNAQEBBQADgY0AMIGJAoGBAMqYL4LL1JldQ1XlvApawQtq8H1eTVROkbx2yBvfoKQrDo/9rX3/nZTG1j2IT7MA4IEfvye3aHCpoHfpiLiTPzpHeB4Et4wvhJD5ojqSODDnfT7Uw4Rms6Q7+NrtHv88RxK/1iWmPWyf08ag5WPUPo5rL3UmNGVU3qAGsJ+4ga+PAgMBAAEwDQYJKoZIhvcNAQEFBQADgYEAnYl8VULljuAkTTCejce0MgYY9HnXHWoOYAB33x54Nveri1o9Ye2+iIex8eiUu4QIoXu7YBO2Ec0q092xq36rTK4yRXucgJIRz9iEj7K5OHC61sUXltxqt9dsWnnt+4SW7TLOySc8iyoUSbA459czoM6DOufSMt0+VC1Rmc4iENA=,True
233,Mic,11223344,,"","","","qwe@gmail.com",15/07/2014 14:28:59,12/07/2024 14:28:59,Active,15/07/2014 14:28:59, Snorkel Default ; Retail ; Test_SIB ; Test ;,,,,,,,,,Kpk,S123$,,,,,,,MIICSjCCAbOgAwIBAgIEESIzRDANBgkqhkiG9w0BAQUFADBUMQswCQYDVQQGFgJJTjELMAkGA1UECBYCVE4xEzARBgNVBAoWClNlY3VyZUJhbmsxCzAJBgNVBAsWAklUMRYwFAYDVQQDFg1TZWN1cmVCYW5rIENBMB4XDTE0MDcxNTA4NTg1OVoXDTI0MDcxMjA4NTg1OVowfzELMAkGA1UEBhYCSU4xCzAJBgNVBAgWAlROMRUwEwYDVQQHFgxOdW5nYW1iYWtrYW0xEDAOBgNVBAoWB09keXNzZXkxCzAJBgNVBAsWAlFBMREwDwYDVQQDFghOZXdVc2VyMTEaMBgGCSqGSIb3DQEJARYLbnUxQG90bC5jb20wgZ8wDQYJKoZIhvcNAQEBBQADgY0AMIGJAoGBAMqYL4LL1JldQ1XlvApawQtq8H1eTVROkbx2yBvfoKQrDo/9rX3/nZTG1j2IT7MA4IEfvye3aHCpoHfpiLiTPzpHeB4Et4wvhJD5ojqSODDnfT7Uw4Rms6Q7+NrtHv88RxK/1iWmPWyf08ag5WPUPo5rL3UmNGVU3qAGsJ+4ga+PAgMBAAEwDQYJKoZIhvcNAQEFBQADgYEAnYl8VULljuAkTTCejce0MgYY9HnXHWoOYAB33x54Nveri1o9Ye2+iIex8eiUu4QIoXu7YBO2Ec0q092xq36rTK4yRXucgJIRz9iEj7K5OHC61sUXltxqt9dsWnnt+4SW7TLOySc8iyoUSbA459czoM6DOufSMt0+VC1Rmc4iENA=,True
234,Jothika,11223344,,"","","","jothi@gmail.com",15/07/2014 14:28:59,12/07/2024 14:28:59,Active,15/07/2014 14:28:59, Snorkel Default ; Retail ; Test_SIB ; Test ; Moontest ; Pinecone ; group ;,,,,,,,,,,,jo,odyssey,,,,,MIICSjCCAbOgAwIBAgIEESIzRDANBgkqhkiG9w0BAQUFADBUMQswCQYDVQQGFgJJTjELMAkGA1UECBYCVE4xEzARBgNVBAoWClNlY3VyZUJhbmsxCzAJBgNVBAsWAklUMRYwFAYDVQQDFg1TZWN1cmVCYW5rIENBMB4XDTE0MDcxNTA4NTg1OVoXDTI0MDcxMjA4NTg1OVowfzELMAkGA1UEBhYCSU4xCzAJBgNVBAgWAlROMRUwEwYDVQQHFgxOdW5nYW1iYWtrYW0xEDAOBgNVBAoWB09keXNzZXkxCzAJBgNVBAsWAlFBMREwDwYDVQQDFghOZXdVc2VyMTEaMBgGCSqGSIb3DQEJARYLbnUxQG90bC5jb20wgZ8wDQYJKoZIhvcNAQEBBQADgY0AMIGJAoGBAMqYL4LL1JldQ1XlvApawQtq8H1eTVROkbx2yBvfoKQrDo/9rX3/nZTG1j2IT7MA4IEfvye3aHCpoHfpiLiTPzpHeB4Et4wvhJD5ojqSODDnfT7Uw4Rms6Q7+NrtHv88RxK/1iWmPWyf08ag5WPUPo5rL3UmNGVU3qAGsJ+4ga+PAgMBAAEwDQYJKoZIhvcNAQEFBQADgYEAnYl8VULljuAkTTCejce0MgYY9HnXHWoOYAB33x54Nveri1o9Ye2+iIex8eiUu4QIoXu7YBO2Ec0q092xq36rTK4yRXucgJIRz9iEj7K5OHC61sUXltxqt9dsWnnt+4SW7TLOySc8iyoUSbA459czoM6DOufSMt0+VC1Rmc4iENA=,True
235,RA,34567890,,"","","","myselframya0220@gmail.com",10/06/2020 17:48:19,07/03/2023 17:48:19,Active,10/06/2020 17:48:19, Snorkel Default ; Retail ; Test_SIB ; Test ;,,,,,,,,,ra2,odyssey,,,,,,,MIICVDCCAb2gAwIBAgIENFZ4kDANBgkqhkiG9w0BAQUFADBUMQswCQYDVQQGFgJJTjELMAkGA1UECBYCVE4xEzARBgNVBAoWClNlY3VyZUJhbmsxCzAJBgNVBAsWAklUMRYwFAYDVQQDFg1TZWN1cmVCYW5rIENBMB4XDTIwMDYxMDEyMTgxOVoXDTIzMDMwNzEyMTgxOVowgYgxCzAJBgNVBAYWAklOMRIwEAYDVQQIFglUYW1pbG5hZHUxEDAOBgNVBAcWB0NoZW5uYWkxEDAOBgNVBAoWB09keXNzZXkxHDAaBgNVBAMWE05ldyBBZG1pbmlzdHJhdG9yIDExIzAhBgkqhkiG9w0BCQEWFGFkbWluQG9keXNzZXl0ZWMuY29tMIGfMA0GCSqGSIb3DQEBAQUAA4GNADCBiQKBgQC6YzczQuMd0HFnoYIpm1A6ly77NJ4rwNEC/7u/PcIx/39aZbpJpf54NHRoQEC1PExcrTfcSNQAtflPO+a9KB2NGoayeYO5Xp086HHPX6gAKKouO9sbYWpPkPHXh9M7WA8K095+lu8m7nSlQx6snjPJolt4CPIFpeKmgeo0NwmJNwIDAQABMA0GCSqGSIb3DQEBBQUAA4GBAJiojQcFY5qFtD+nNwB5KKxkrkffRZojw4L78Liw7pbKsc7ZqbHwaSG/yEp+3UYEza8Fd4jGrh/r6bqGudcqwYm1dCBmALUhp6WD8ArE/bkGEryVEbUXkVSlAnReCPua9UmsrrTfFgnCqlUTJ+LnxBHtlrU0FDhCdgNA5GHX+PC1,True
236,jayasri,11223344,,"","","","jai@gmail.com",15/07/2014 14:28:59,12/07/2024 14:28:59,Active,15/07/2014 14:28:59, Snorkel Default ; Retail ; Test_SIB ; Test ; Moontest ; Pinecone ; group ;,,,,,,,,,,,rinc,odyssey,,,,,MIICSjCCAbOgAwIBAgIEESIzRDANBgkqhkiG9w0BAQUFADBUMQswCQYDVQQGFgJJTjELMAkGA1UECBYCVE4xEzARBgNVBAoWClNlY3VyZUJhbmsxCzAJBgNVBAsWAklUMRYwFAYDVQQDFg1TZWN1cmVCYW5rIENBMB4XDTE0MDcxNTA4NTg1OVoXDTI0MDcxMjA4NTg1OVowfzELMAkGA1UEBhYCSU4xCzAJBgNVBAgWAlROMRUwEwYDVQQHFgxOdW5nYW1iYWtrYW0xEDAOBgNVBAoWB09keXNzZXkxCzAJBgNVBAsWAlFBMREwDwYDVQQDFghOZXdVc2VyMTEaMBgGCSqGSIb3DQEJARYLbnUxQG90bC5jb20wgZ8wDQYJKoZIhvcNAQEBBQADgY0AMIGJAoGBAMqYL4LL1JldQ1XlvApawQtq8H1eTVROkbx2yBvfoKQrDo/9rX3/nZTG1j2IT7MA4IEfvye3aHCpoHfpiLiTPzpHeB4Et4wvhJD5ojqSODDnfT7Uw4Rms6Q7+NrtHv88RxK/1iWmPWyf08ag5WPUPo5rL3UmNGVU3qAGsJ+4ga+PAgMBAAEwDQYJKoZIhvcNAQEFBQADgYEAnYl8VULljuAkTTCejce0MgYY9HnXHWoOYAB33x54Nveri1o9Ye2+iIex8eiUu4QIoXu7YBO2Ec0q092xq36rTK4yRXucgJIRz9iEj7K5OHC61sUXltxqt9dsWnnt+4SW7TLOySc8iyoUSbA459czoM6DOufSMt0+VC1Rmc4iENA=,True
237,plm,11223344,,"","","","a@gmail.com",15/07/2014 14:28:59,12/07/2024 14:28:59,Active,15/07/2014 14:28:59, Snorkel Default ; Retail ; Test_SIB ; Test ;,,,,,,,,,plm,odyssey,,,,,,,MIICSjCCAbOgAwIBAgIEESIzRDANBgkqhkiG9w0BAQUFADBUMQswCQYDVQQGFgJJTjELMAkGA1UECBYCVE4xEzARBgNVBAoWClNlY3VyZUJhbmsxCzAJBgNVBAsWAklUMRYwFAYDVQQDFg1TZWN1cmVCYW5rIENBMB4XDTE0MDcxNTA4NTg1OVoXDTI0MDcxMjA4NTg1OVowfzELMAkGA1UEBhYCSU4xCzAJBgNVBAgWAlROMRUwEwYDVQQHFgxOdW5nYW1iYWtrYW0xEDAOBgNVBAoWB09keXNzZXkxCzAJBgNVBAsWAlFBMREwDwYDVQQDFghOZXdVc2VyMTEaMBgGCSqGSIb3DQEJARYLbnUxQG90bC5jb20wgZ8wDQYJKoZIhvcNAQEBBQADgY0AMIGJAoGBAMqYL4LL1JldQ1XlvApawQtq8H1eTVROkbx2yBvfoKQrDo/9rX3/nZTG1j2IT7MA4IEfvye3aHCpoHfpiLiTPzpHeB4Et4wvhJD5ojqSODDnfT7Uw4Rms6Q7+NrtHv88RxK/1iWmPWyf08ag5WPUPo5rL3UmNGVU3qAGsJ+4ga+PAgMBAAEwDQYJKoZIhvcNAQEFBQADgYEAnYl8VULljuAkTTCejce0MgYY9HnXHWoOYAB33x54Nveri1o9Ye2+iIex8eiUu4QIoXu7YBO2Ec0q092xq36rTK4yRXucgJIRz9iEj7K5OHC61sUXltxqt9dsWnnt+4SW7TLOySc8iyoUSbA459czoM6DOufSMt0+VC1Rmc4iENA=,True
238,a,11223344,,"","","","q@gmail.com",15/07/2014 14:28:59,12/07/2024 14:28:59,Active,15/07/2014 14:28:59, Snorkel Default ; Retail ; Test_SIB ; Test ;,,,,,,,,,nko,odyssey,,,,,,,MIICSjCCAbOgAwIBAgIEESIzRDANBgkqhkiG9w0BAQUFADBUMQswCQYDVQQGFgJJTjELMAkGA1UECBYCVE4xEzARBgNVBAoWClNlY3VyZUJhbmsxCzAJBgNVBAsWAklUMRYwFAYDVQQDFg1TZWN1cmVCYW5rIENBMB4XDTE0MDcxNTA4NTg1OVoXDTI0MDcxMjA4NTg1OVowfzELMAkGA1UEBhYCSU4xCzAJBgNVBAgWAlROMRUwEwYDVQQHFgxOdW5nYW1iYWtrYW0xEDAOBgNVBAoWB09keXNzZXkxCzAJBgNVBAsWAlFBMREwDwYDVQQDFghOZXdVc2VyMTEaMBgGCSqGSIb3DQEJARYLbnUxQG90bC5jb20wgZ8wDQYJKoZIhvcNAQEBBQADgY0AMIGJAoGBAMqYL4LL1JldQ1XlvApawQtq8H1eTVROkbx2yBvfoKQrDo/9rX3/nZTG1j2IT7MA4IEfvye3aHCpoHfpiLiTPzpHeB4Et4wvhJD5ojqSODDnfT7Uw4Rms6Q7+NrtHv88RxK/1iWmPWyf08ag5WPUPo5rL3UmNGVU3qAGsJ+4ga+PAgMBAAEwDQYJKoZIhvcNAQEFBQADgYEAnYl8VULljuAkTTCejce0MgYY9HnXHWoOYAB33x54Nveri1o9Ye2+iIex8eiUu4QIoXu7YBO2Ec0q092xq36rTK4yRXucgJIRz9iEj7K5OHC61sUXltxqt9dsWnnt+4SW7TLOySc8iyoUSbA459czoM6DOufSMt0+VC1Rmc4iENA=,True
239,l,11223344,,"","","","w@gmail.com",15/07/2014 14:28:59,12/07/2024 14:28:59,Active,15/07/2014 14:28:59, Snorkel Default ; Retail ; Test_SIB ;,bji,odyssey,,,,,,,,,,,,,,,MIICSjCCAbOgAwIBAgIEESIzRDANBgkqhkiG9w0BAQUFADBUMQswCQYDVQQGFgJJTjELMAkGA1UECBYCVE4xEzARBgNVBAoWClNlY3VyZUJhbmsxCzAJBgNVBAsWAklUMRYwFAYDVQQDFg1TZWN1cmVCYW5rIENBMB4XDTE0MDcxNTA4NTg1OVoXDTI0MDcxMjA4NTg1OVowfzELMAkGA1UEBhYCSU4xCzAJBgNVBAgWAlROMRUwEwYDVQQHFgxOdW5nYW1iYWtrYW0xEDAOBgNVBAoWB09keXNzZXkxCzAJBgNVBAsWAlFBMREwDwYDVQQDFghOZXdVc2VyMTEaMBgGCSqGSIb3DQEJARYLbnUxQG90bC5jb20wgZ8wDQYJKoZIhvcNAQEBBQADgY0AMIGJAoGBAMqYL4LL1JldQ1XlvApawQtq8H1eTVROkbx2yBvfoKQrDo/9rX3/nZTG1j2IT7MA4IEfvye3aHCpoHfpiLiTPzpHeB4Et4wvhJD5ojqSODDnfT7Uw4Rms6Q7+NrtHv88RxK/1iWmPWyf08ag5WPUPo5rL3UmNGVU3qAGsJ+4ga+PAgMBAAEwDQYJKoZIhvcNAQEFBQADgYEAnYl8VULljuAkTTCejce0MgYY9HnXHWoOYAB33x54Nveri1o9Ye2+iIex8eiUu4QIoXu7YBO2Ec0q092xq36rTK4yRXucgJIRz9iEj7K5OHC61sUXltxqt9dsWnnt+4SW7TLOySc8iyoUSbA459czoM6DOufSMt0+VC1Rmc4iENA=,True
240,q,11223344,,"","","","s@gmail.com",15/07/2014 14:28:59,12/07/2024 14:28:59,Active,15/07/2014 14:28:59, Snorkel Default ; Retail ; Test_SIB ; Test ;,,,,,,,,,edc12,odyssey,,,,,,,MIICSjCCAbOgAwIBAgIEESIzRDANBgkqhkiG9w0BAQUFADBUMQswCQYDVQQGFgJJTjELMAkGA1UECBYCVE4xEzARBgNVBAoWClNlY3VyZUJhbmsxCzAJBgNVBAsWAklUMRYwFAYDVQQDFg1TZWN1cmVCYW5rIENBMB4XDTE0MDcxNTA4NTg1OVoXDTI0MDcxMjA4NTg1OVowfzELMAkGA1UEBhYCSU4xCzAJBgNVBAgWAlROMRUwEwYDVQQHFgxOdW5nYW1iYWtrYW0xEDAOBgNVBAoWB09keXNzZXkxCzAJBgNVBAsWAlFBMREwDwYDVQQDFghOZXdVc2VyMTEaMBgGCSqGSIb3DQEJARYLbnUxQG90bC5jb20wgZ8wDQYJKoZIhvcNAQEBBQADgY0AMIGJAoGBAMqYL4LL1JldQ1XlvApawQtq8H1eTVROkbx2yBvfoKQrDo/9rX3/nZTG1j2IT7MA4IEfvye3aHCpoHfpiLiTPzpHeB4Et4wvhJD5ojqSODDnfT7Uw4Rms6Q7+NrtHv88RxK/1iWmPWyf08ag5WPUPo5rL3UmNGVU3qAGsJ+4ga+PAgMBAAEwDQYJKoZIhvcNAQEFBQADgYEAnYl8VULljuAkTTCejce0MgYY9HnXHWoOYAB33x54Nveri1o9Ye2+iIex8eiUu4QIoXu7YBO2Ec0q092xq36rTK4yRXucgJIRz9iEj7K5OHC61sUXltxqt9dsWnnt+4SW7TLOySc8iyoUSbA459czoM6DOufSMt0+VC1Rmc4iENA=,True

